tg,season,freed,n_est,n_abs,n_rem,rem_base5_sum,realised_rem_min,realised_gain,bucket
1022300004|1611661317,2023,0.0,0,0,0,0.0,0.0,0.0,none
1022300009|1611661317,2023,0.0,0,0,0,0.0,0.0,0.0,none
1022300013|1611661317,2023,0.0,0,0,0,0.0,0.0,0.0,none
1022300029|1611661317,2023,0.0,0,0,0,0.0,0.0,0.0,none
1022300039|1611661317,2023,0.0,7,0,7,175.23888888888888,146.96666666666667,-28.27222222222221,none
1022300042|1611661317,2023,0.0,8,0,8,201.15,174.68333333333334,-26.46666666666667,none
1022300049|1611661317,2023,24.013333333333335,9,1,8,182.5711111111111,193.86666666666667,11.29555555555558,15-30
1022300054|1611661317,2023,0.0,10,0,10,209.78972222222222,183.9166666666667,-25.87305555555551,none
1022300059|1611661317,2023,64.07333333333334,11,2,9,157.14555555555557,200.0,42.854444444444425,45+
1022300062|1611661317,2023,64.07333333333334,11,2,9,156.52166666666668,200.0,43.478333333333325,45+
1022300070|1611661317,2023,78.22666666666667,11,3,8,149.88333333333333,189.25,39.366666666666674,45+
1022300077|1611661317,2023,19.763333333333332,11,2,9,215.29666666666668,179.85,-35.44666666666669,15-30
1022300084|1611661317,2023,65.36333333333333,11,4,7,173.56,182.75,9.189999999999998,45+
1022300088|1611661317,2023,34.73,11,3,8,201.62666666666667,181.48333333333335,-20.143333333333317,30-45
1022300093|1611661317,2023,32.24333333333333,11,2,9,201.38,187.48333333333332,-13.896666666666675,30-45
1022300098|1611661317,2023,22.476666666666667,12,2,10,227.17666666666668,200.0,-27.176666666666677,15-30
1022300106|1611661317,2023,23.99666666666667,11,1,10,212.43,200.0,-12.430000000000007,15-30
1022300110|1611661317,2023,30.855833333333337,11,2,9,201.08333333333334,200.0,-1.0833333333333428,30-45
1022300114|1611661317,2023,0.0,11,0,11,231.7625,199.99999999999997,-31.762500000000017,none
1022300121|1611661317,2023,12.883333333333335,11,1,10,211.28333333333333,200.00000000000003,-11.283333333333303,0-15
1022300126|1611661317,2023,39.473333333333336,11,2,9,181.69333333333336,198.61666666666667,16.923333333333318,30-45
1022300134|1611661317,2023,39.473333333333336,11,2,9,178.83333333333334,198.96666666666664,20.133333333333297,30-45
1022300135|1611661317,2023,39.473333333333336,12,2,10,188.58666666666667,199.99999999999997,11.413333333333298,30-45
1022300148|1611661317,2023,41.71333333333334,12,2,10,187.06666666666666,200.0,12.933333333333337,30-45
1022300152|1611661317,2023,28.830000000000002,11,1,10,190.80333333333334,200.0,9.196666666666658,15-30
1022300156|1611661317,2023,28.830000000000002,11,1,10,195.05666666666667,200.0,4.943333333333328,15-30
1022300161|1611661317,2023,1.9033333333333335,11,1,10,227.18333333333334,200.0,-27.183333333333337,0-15
1022300170|1611661317,2023,20.76666666666667,11,2,9,205.64333333333335,183.88333333333333,-21.76000000000002,15-30
1022300172|1611661317,2023,20.76666666666667,11,2,9,204.64666666666668,193.39999999999998,-11.246666666666698,15-30
1022300179|1611661317,2023,20.76666666666667,11,2,9,198.60333333333335,196.70000000000002,-1.903333333333336,15-30
1022300186|1611661317,2023,64.39333333333335,12,3,9,164.01333333333335,195.81666666666666,31.803333333333313,45+
1022300191|1611661317,2023,45.34,12,2,10,183.94,200.0,16.060000000000002,45+
1022300197|1611661317,2023,62.833333333333336,11,3,8,150.91666666666666,186.06666666666666,35.150000000000006,45+
1022300207|1611661317,2023,42.93666666666667,11,3,8,176.85,192.98333333333335,16.133333333333354,30-45
1022300210|1611661317,2023,47.78666666666666,11,3,8,179.29,179.4666666666667,0.17666666666670494,45+
1022300213|1611661317,2023,72.37666666666667,12,4,8,160.02666666666667,193.13333333333335,33.10666666666668,45+
1022300222|1611661317,2023,72.37666666666667,13,4,9,178.8,199.99999999999997,21.19999999999996,45+
1022300227|1611661317,2023,73.00666666666666,12,4,8,175.19333333333333,200.0,24.806666666666672,45+
1022300234|1611661317,2023,66.42666666666666,11,3,8,179.38,200.0,20.620000000000005,45+
1022300239|1611661317,2023,33.873333333333335,10,2,8,184.66333333333333,200.01666666666665,15.353333333333325,30-45
1022300005|1611661319,2023,0.0,0,0,0,0.0,0.0,0.0,none
1022300012|1611661319,2023,0.0,0,0,0,0.0,0.0,0.0,none
1022300017|1611661319,2023,0.0,0,0,0,0.0,0.0,0.0,none
1022300020|1611661319,2023,0.0,0,0,0,0.0,0.0,0.0,none
1022300027|1611661319,2023,0.0,7,0,7,183.10555555555555,200.0,16.894444444444446,none
1022300034|1611661319,2023,0.0,7,0,7,184.10416666666666,198.05,13.945833333333354,none
1022300035|1611661319,2023,0.0,8,0,8,196.67777777777778,200.01666666666665,3.3388888888888744,none
1022300040|1611661319,2023,0.0,8,0,8,197.16333333333333,188.0,-9.163333333333327,none
1022300047|1611661319,2023,0.0,10,0,10,207.46,200.0,-7.460000000000008,none
1022300058|1611661319,2023,0.0,10,0,10,211.46333333333334,200.0,-11.463333333333338,none
1022300066|1611661319,2023,0.0,10,0,10,208.71666666666667,200.03333333333333,-8.683333333333337,none
1022300070|1611661319,2023,0.0,10,0,10,205.39333333333335,199.99999999999997,-5.3933333333333735,none
1022300076|1611661319,2023,0.0,10,0,10,200.95666666666668,200.03333333333333,-0.9233333333333462,none
1022300081|1611661319,2023,13.263333333333332,10,2,8,186.74333333333334,200.0,13.25666666666666,0-15
1022300087|1611661319,2023,0.0,10,0,10,202.13333333333333,199.99999999999997,-2.133333333333354,none
1022300092|1611661319,2023,0.0,10,0,10,202.34333333333333,200.00000000000003,-2.3433333333333053,none
1022300100|1611661319,2023,40.723333333333336,10,3,7,161.99333333333334,200.0,38.00666666666666,30-45
1022300105|1611661319,2023,18.453333333333333,10,3,7,185.47,200.0,14.530000000000001,15-30
1022300111|1611661319,2023,25.3,10,1,9,187.38,200.0,12.620000000000005,15-30
1022300114|1611661319,2023,25.3,10,1,9,188.02666666666667,200.0,11.97333333333333,15-30
1022300119|1611661319,2023,25.3,10,1,9,190.20666666666668,200.0,9.793333333333322,15-30
1022300127|1611661319,2023,28.91,10,2,8,190.36,200.01666666666665,9.656666666666638,15-30
1022300132|1611661319,2023,25.3,10,1,9,200.12333333333333,197.25,-2.873333333333335,15-30
1022300137|1611661319,2023,13.02,9,2,7,187.42000000000002,199.99999999999997,12.579999999999956,0-15
1022300149|1611661319,2023,4.0633333333333335,9,1,8,195.71666666666667,200.01666666666668,4.300000000000011,0-15
1022300153|1611661319,2023,0.0,9,0,9,204.73333333333335,196.43333333333334,-8.300000000000011,none
1022300163|1611661319,2023,0.0,9,0,9,205.15333333333334,192.86666666666667,-12.286666666666662,none
1022300169|1611661319,2023,0.0,9,0,9,202.28333333333333,193.73333333333332,-8.550000000000011,none
1022300175|1611661319,2023,0.0,9,0,9,199.00333333333333,197.31666666666666,-1.6866666666666674,none
1022300181|1611661319,2023,22.493333333333332,10,1,9,181.94333333333333,199.99999999999997,18.056666666666644,15-30
1022300182|1611661319,2023,0.0,10,0,10,199.23000000000002,200.0,0.7699999999999818,none
1022300188|1611661319,2023,7.856666666666667,10,2,8,196.68333333333334,200.0,3.316666666666663,0-15
1022300193|1611661319,2023,0.0,10,0,10,206.03333333333333,200.0,-6.033333333333331,none
1022300200|1611661319,2023,6.970000000000001,10,2,8,200.17,200.0,-0.1699999999999875,0-15
1022300203|1611661319,2023,0.0,10,0,10,209.49,200.0,-9.490000000000009,none
1022300209|1611661319,2023,2.6566666666666667,10,1,9,205.13333333333333,200.0,-5.133333333333326,0-15
1022300214|1611661319,2023,16.263333333333332,10,2,8,185.95666666666668,200.0,14.043333333333322,15-30
1022300219|1611661319,2023,0.0,10,0,10,204.18666666666667,200.0,-4.186666666666667,none
1022300234|1611661319,2023,0.0,10,0,10,204.41,200.03333333333333,-4.376666666666665,none
1022300239|1611661319,2023,0.0,10,0,10,204.57333333333332,200.03333333333333,-4.539999999999992,none
1022300001|1611661323,2023,0.0,0,0,0,0.0,0.0,0.0,none
1022300007|1611661323,2023,0.0,0,0,0,0.0,0.0,0.0,none
1022300010|1611661323,2023,0.0,0,0,0,0.0,0.0,0.0,none
1022300016|1611661323,2023,0.0,0,0,0,0.0,0.0,0.0,none
1022300022|1611661323,2023,0.0,8,0,8,196.41666666666669,183.85000000000002,-12.566666666666663,none
1022300025|1611661323,2023,5.216666666666667,9,1,8,195.2875,188.31666666666666,-6.970833333333331,0-15
1022300032|1611661323,2023,5.216666666666667,10,1,9,198.3111111111111,199.99999999999997,1.6888888888888687,0-15
1022300035|1611661323,2023,0.0,10,0,10,203.72083333333333,200.00000000000003,-3.720833333333303,none
1022300040|1611661323,2023,0.0,10,0,10,201.86499999999998,199.99999999999997,-1.865000000000009,none
1022300048|1611661323,2023,0.0,10,0,10,201.73333333333335,200.0,-1.7333333333333485,none
1022300056|1611661323,2023,3.8033333333333332,10,1,9,198.78666666666666,225.0,26.21333333333334,0-15
1022300065|1611661323,2023,3.8033333333333332,10,1,9,199.29333333333332,200.0,0.7066666666666777,0-15
1022300069|1611661323,2023,3.8033333333333332,10,1,9,204.29333333333335,200.0,-4.293333333333351,0-15
1022300072|1611661323,2023,34.46333333333333,10,1,9,173.63333333333335,195.58333333333331,21.94999999999996,30-45
1022300078|1611661323,2023,34.46333333333333,10,1,9,174.03333333333333,197.81666666666666,23.78333333333333,30-45
1022300082|1611661323,2023,38.14333333333333,10,2,8,175.34,200.0,24.659999999999997,30-45
1022300092|1611661323,2023,34.46333333333333,10,1,9,183.66,194.21666666666664,10.556666666666644,30-45
1022300102|1611661323,2023,56.22,11,2,9,168.79666666666668,200.01666666666665,31.21999999999997,45+
1022300108|1611661323,2023,4.245833333333334,10,1,9,191.82999999999998,200.0,8.170000000000016,0-15
1022300116|1611661323,2023,4.245833333333334,10,1,9,198.37333333333333,200.0,1.6266666666666652,0-15
1022300121|1611661323,2023,11.8625,10,2,8,195.72,198.11666666666667,2.3966666666666754,0-15
1022300124|1611661323,2023,4.245833333333334,10,1,9,205.16333333333333,198.43333333333334,-6.72999999999999,0-15
1022300129|1611661323,2023,4.245833333333334,10,1,9,202.01333333333332,197.45000000000002,-4.563333333333304,0-15
1022300138|1611661323,2023,9.096666666666668,10,2,8,197.81333333333333,200.0,2.1866666666666674,0-15
1022300145|1611661323,2023,9.096666666666668,10,2,8,197.87333333333333,200.0,2.126666666666665,0-15
1022300151|1611661323,2023,9.096666666666668,10,2,8,197.98666666666665,200.0,2.0133333333333496,0-15
1022300157|1611661323,2023,3.5666666666666673,10,1,9,203.86333333333334,200.00000000000003,-3.8633333333333155,0-15
1022300166|1611661323,2023,3.5666666666666673,10,1,9,202.99666666666667,194.98333333333332,-8.01333333333335,0-15
1022300172|1611661323,2023,1.6300000000000001,9,1,8,198.63333333333333,184.53333333333336,-14.099999999999966,0-15
1022300177|1611661323,2023,1.6300000000000001,9,1,8,197.51333333333335,200.0,2.4866666666666504,0-15
1022300183|1611661323,2023,0.0,9,0,9,196.05,200.0,3.9499999999999886,none
1022300190|1611661323,2023,0.0,9,0,9,196.71666666666667,200.0,3.2833333333333314,none
1022300194|1611661323,2023,2.2366666666666664,9,1,8,194.13333333333335,200.0,5.866666666666646,0-15
1022300198|1611661323,2023,34.45,9,3,6,162.36666666666667,219.86666666666665,57.49999999999997,30-45
1022300205|1611661323,2023,18.563333333333333,9,1,8,183.29333333333332,197.88333333333333,14.590000000000003,15-30
1022300213|1611661323,2023,18.563333333333333,10,1,9,203.43444444444444,200.0,-3.4344444444444377,15-30
1022300217|1611661323,2023,18.563333333333333,10,1,9,203.90416666666667,200.0,-3.9041666666666686,15-30
1022300224|1611661323,2023,25.14666666666667,10,2,8,197.09666666666666,199.98333333333332,2.886666666666656,15-30
1022300230|1611661323,2023,6.583333333333334,9,1,8,196.99333333333334,183.71666666666664,-13.2766666666667,0-15
1022300236|1611661323,2023,6.583333333333334,10,1,9,218.60000000000002,225.00000000000003,6.400000000000006,0-15
1022300002|1611661322,2023,0.0,0,0,0,0.0,0.0,0.0,none
1022300007|1611661322,2023,0.0,0,0,0,0.0,0.0,0.0,none
1022300010|1611661322,2023,0.0,0,0,0,0.0,0.0,0.0,none
1022300014|1611661322,2023,0.0,0,0,0,0.0,0.0,0.0,none
1022300026|1611661322,2023,0.0,9,0,9,198.87222222222223,191.08333333333331,-7.78888888888892,none
1022300030|1611661322,2023,17.591666666666665,10,2,8,182.925,192.33333333333331,9.408333333333303,15-30
1022300045|1611661322,2023,6.262499999999999,10,1,9,194.96416666666667,189.29999999999998,-5.664166666666688,0-15
1022300050|1611661322,2023,44.586666666666666,10,2,8,158.17249999999999,189.16666666666666,30.994166666666672,30-45
1022300052|1611661322,2023,0.0,10,0,10,203.19,188.95,-14.240000000000009,none
1022300059|1611661322,2023,30.836666666666666,11,1,10,186.46444444444444,200.0,13.535555555555561,30-45
1022300063|1611661322,2023,15.759999999999998,11,2,9,200.10166666666666,200.01666666666668,-0.08499999999997954,15-30
1022300071|1611661322,2023,26.619999999999997,11,2,9,190.87,193.51666666666665,2.646666666666647,15-30
1022300079|1611661322,2023,33.38666666666667,11,3,8,185.15666666666667,219.26666666666665,34.109999999999985,30-45
1022300086|1611661322,2023,50.77333333333333,11,3,8,168.03666666666666,190.06666666666666,22.03,45+
1022300090|1611661322,2023,50.77333333333333,11,3,8,171.78666666666666,195.95000000000002,24.163333333333355,45+
1022300096|1611661322,2023,69.32333333333332,11,3,8,157.28777777777776,191.25,33.96222222222224,45+
1022300103|1611661322,2023,99.95583333333333,10,5,5,113.08000000000001,150.70000000000002,37.620000000000005,45+
1022300108|1611661322,2023,70.64916666666666,11,4,7,168.92,171.63333333333333,2.7133333333333383,45+
1022300113|1611661322,2023,43.60916666666667,11,3,8,190.57222222222222,175.7,-14.872222222222234,30-45
1022300122|1611661322,2023,74.0325,12,4,8,174.31916666666666,190.68333333333334,16.364166666666677,45+
1022300128|1611661322,2023,67.70333333333333,12,3,9,187.36916666666667,193.95,6.580833333333317,45+
1022300134|1611661322,2023,60.77333333333334,11,2,9,192.49666666666667,188.83333333333331,-3.6633333333333553,45+
1022300140|1611661322,2023,60.77333333333334,11,2,9,196.50666666666666,186.86666666666667,-9.639999999999986,45+
1022300144|1611661322,2023,30.423333333333336,11,1,10,201.8188888888889,200.0,-1.8188888888888926,30-45
1022300146|1611661322,2023,1.85,10,1,9,198.905,200.0,1.0949999999999989,0-15
1022300158|1611661322,2023,6.516666666666666,10,2,8,193.45666666666668,200.0,6.543333333333322,0-15
1022300164|1611661322,2023,1.85,10,1,9,199.50666666666666,200.0,0.4933333333333394,0-15
1022300170|1611661322,2023,1.85,10,1,9,199.12666666666667,200.0,0.8733333333333348,0-15
1022300175|1611661322,2023,1.85,10,1,9,198.79000000000002,200.0,1.2099999999999795,0-15
1022300178|1611661322,2023,16.586666666666666,9,2,7,182.86666666666667,186.50000000000003,3.633333333333354,15-30
1022300184|1611661322,2023,16.586666666666666,10,2,8,209.71333333333334,174.91666666666666,-34.79666666666668,15-30
1022300189|1611661322,2023,63.40333333333333,12,4,8,214.53,200.0,-14.530000000000001,45+
1022300194|1611661322,2023,44.13333333333333,12,3,9,224.14333333333335,200.01666666666668,-24.126666666666665,30-45
1022300203|1611661322,2023,32.81666666666667,12,3,9,231.94,200.0,-31.939999999999998,30-45
1022300211|1611661322,2023,16.23,10,1,9,219.75666666666666,196.41666666666666,-23.340000000000003,15-30
1022300214|1611661322,2023,16.23,11,1,10,218.25666666666666,199.98333333333335,-18.273333333333312,15-30
1022300223|1611661322,2023,36.5,11,2,9,189.96333333333334,200.00000000000003,10.03666666666669,30-45
1022300227|1611661322,2023,44.82333333333334,11,3,8,179.88,200.0,20.120000000000005,30-45
1022300231|1611661322,2023,26.103333333333335,11,2,9,199.30333333333334,199.98333333333332,0.6799999999999784,15-30
1022300238|1611661322,2023,26.103333333333335,11,2,9,205.74666666666664,200.01666666666665,-5.72999999999999,15-30
1022300002|1611661313,2023,0.0,0,0,0,0.0,0.0,0.0,none
1022300008|1611661313,2023,0.0,0,0,0,0.0,0.0,0.0,none
1022300016|1611661313,2023,0.0,0,0,0,0.0,0.0,0.0,none
1022300024|1611661313,2023,0.0,0,0,0,0.0,0.0,0.0,none
1022300028|1611661313,2023,0.0,7,0,7,174.73333333333332,172.39999999999998,-2.333333333333343,none
1022300033|1611661313,2023,0.0,7,0,7,179.2125,167.06666666666666,-12.145833333333343,none
1022300041|1611661313,2023,0.0,8,0,8,187.26666666666668,177.7,-9.566666666666691,none
1022300046|1611661313,2023,0.0,10,0,10,194.82166666666666,180.70000000000002,-14.121666666666641,none
1022300053|1611661313,2023,36.483333333333334,11,2,9,177.6522222222222,200.0,22.347777777777793,30-45
1022300062|1611661313,2023,36.483333333333334,11,2,9,173.43,189.31666666666666,15.886666666666656,30-45
1022300074|1611661313,2023,4.283333333333333,11,1,10,208.09666666666666,200.0,-8.096666666666664,0-15
1022300079|1611661313,2023,19.226666666666667,11,3,8,194.7,225.0,30.30000000000001,15-30
1022300082|1611661313,2023,19.226666666666667,11,3,8,192.9,200.0,7.099999999999994,15-30
1022300087|1611661313,2023,10.383333333333333,10,1,9,207.17,193.36666666666665,-13.803333333333342,0-15
1022300097|1611661313,2023,30.804444444444446,11,3,8,203.42333333333335,200.0,-3.423333333333346,30-45
1022300098|1611661313,2023,25.677777777777777,11,2,9,201.84,199.98333333333332,-1.8566666666666833,15-30
1022300107|1611661313,2023,21.81111111111111,10,2,8,198.4,200.0,1.5999999999999943,15-30
1022300115|1611661313,2023,15.294444444444446,10,1,9,207.39,225.0,17.610000000000014,15-30
1022300123|1611661313,2023,0.0,10,0,10,218.21777777777777,199.99999999999997,-18.217777777777798,none
1022300128|1611661313,2023,0.0,10,0,10,219.96583333333334,200.00000000000003,-19.965833333333308,none
1022300133|1611661313,2023,0.0,10,0,10,218.33333333333331,200.01666666666665,-18.316666666666663,none
1022300136|1611661313,2023,8.760000000000002,10,1,9,206.07,200.0,-6.069999999999993,0-15
1022300142|1611661313,2023,0.0,10,0,10,212.77666666666664,200.0,-12.776666666666642,none
1022300038|1611661313,2023,29.639999999999997,10,1,9,178.82666666666668,200.01666666666668,21.189999999999998,15-30
1022300150|1611661313,2023,3.7266666666666666,10,1,9,201.23333333333332,199.98333333333335,-1.2499999999999716,0-15
1022300154|1611661313,2023,3.7266666666666666,10,1,9,204.49333333333334,200.01666666666668,-4.4766666666666595,0-15
1022300160|1611661313,2023,3.7266666666666666,10,1,9,203.81333333333333,200.0,-3.8133333333333326,0-15
1022300163|1611661313,2023,0.0,10,0,10,207.6,200.0166666666667,-7.583333333333286,none
1022300174|1611661313,2023,2.9333333333333336,10,1,9,203.51333333333332,188.66666666666666,-14.846666666666664,0-15
1022300180|1611661313,2023,2.9333333333333336,11,1,10,213.00666666666666,200.0,-13.00666666666666,0-15
1022300182|1611661313,2023,2.9333333333333336,11,1,10,208.04,200.00000000000003,-8.039999999999964,0-15
1022300186|1611661313,2023,2.9333333333333336,11,1,10,207.41333333333333,200.0,-7.413333333333327,0-15
1022300198|1611661313,2023,8.103333333333333,11,3,8,199.78333333333333,225.0,25.21666666666667,0-15
1022300204|1611661313,2023,16.25,10,1,9,185.98666666666668,190.0,4.013333333333321,15-30
1022300209|1611661313,2023,8.25,11,3,8,199.47,200.0,0.5300000000000011,0-15
1022300217|1611661313,2023,30.406666666666666,11,1,10,176.94,200.0,23.060000000000002,30-45
1022300220|1611661313,2023,30.406666666666666,11,1,10,179.44333333333333,200.00000000000003,20.5566666666667,30-45
1022300226|1611661313,2023,8.3,11,2,9,206.92333333333335,200.00000000000003,-6.923333333333318,0-15
1022300229|1611661313,2023,19.0,11,3,8,206.29333333333332,200.03333333333333,-6.259999999999991,15-30
1022300238|1611661313,2023,19.0,11,3,8,200.57666666666665,200.01666666666665,-0.5600000000000023,15-30
1022300006|1611661330,2023,0.0,0,0,0,0.0,0.0,0.0,none
1022300011|1611661330,2023,0.0,0,0,0,0.0,0.0,0.0,none
1022300018|1611661330,2023,0.0,0,0,0,0.0,0.0,0.0,none
1022300021|1611661330,2023,0.0,0,0,0,0.0,0.0,0.0,none
1022300027|1611661330,2023,0.0,8,0,8,185.76111111111112,175.48333333333332,-10.2777777777778,none
1022300041|1611661330,2023,29.3875,9,1,8,169.35833333333335,184.16666666666669,14.808333333333337,15-30
1022300048|1611661330,2023,29.3875,9,1,8,168.3475,193.05,24.702500000000015,15-30
1022300053|1611661330,2023,29.3875,9,1,8,170.33333333333334,200.05,29.71666666666667,15-30
1022300056|1611661330,2023,29.3875,9,1,8,174.98333333333332,225.0,50.01666666666668,15-30
1022300064|1611661330,2023,35.15416666666667,10,2,8,180.93666666666667,185.33333333333331,4.396666666666647,30-45
1022300067|1611661330,2023,0.0,9,0,9,199.12,176.03333333333333,-23.086666666666673,none
1022300074|1611661330,2023,0.0,9,0,9,201.84916666666666,177.83333333333337,-24.01583333333329,none
1022300086|1611661330,2023,0.0,11,0,11,217.9622222222222,199.99999999999997,-17.962222222222238,none
1022300090|1611661330,2023,6.029166666666667,11,1,10,208.85333333333332,200.01666666666668,-8.836666666666645,0-15
1022300094|1611661330,2023,0.0,11,0,11,209.50583333333333,200.00000000000003,-9.5058333333333,none
1022300101|1611661330,2023,5.413333333333333,11,1,10,196.62,200.01666666666668,3.3966666666666754,0-15
1022300104|1611661330,2023,18.06,11,2,9,183.53666666666666,199.99999999999997,16.46333333333331,15-30
1022300112|1611661330,2023,18.06,11,2,9,186.00666666666666,200.0,13.99333333333334,15-30
1022300118|1611661330,2023,5.413333333333333,11,1,10,202.22333333333333,192.68333333333337,-9.539999999999964,0-15
1022300120|1611661330,2023,17.14666666666667,11,2,9,193.58666666666667,195.0,1.413333333333327,15-30
1022300124|1611661330,2023,11.733333333333334,10,1,9,193.36333333333334,176.11666666666667,-17.24666666666667,0-15
1022300129|1611661330,2023,11.733333333333334,11,1,10,223.92333333333335,184.61666666666667,-39.30666666666667,0-15
1022300135|1611661330,2023,0.0,12,0,12,235.65,200.0166666666667,-35.6333333333333,none
1022300142|1611661330,2023,0.0,12,0,12,227.8775,200.0,-27.877499999999998,none
1022300146|1611661330,2023,9.313333333333333,12,1,11,207.44666666666666,200.03333333333333,-7.413333333333327,0-15
1022300153|1611661330,2023,0.0,12,0,12,211.91333333333333,200.0,-11.913333333333327,none
1022300156|1611661330,2023,0.0,12,0,12,204.76,200.0,-4.759999999999991,none
1022300162|1611661330,2023,27.356666666666666,12,3,9,174.98,199.99999999999997,25.019999999999982,15-30
1022300173|1611661330,2023,5.8133333333333335,12,1,11,198.18333333333334,199.99999999999997,1.8166666666666345,0-15
1022300176|1611661330,2023,13.863333333333333,12,2,10,195.68,200.01666666666668,4.336666666666673,0-15
1022300181|1611661330,2023,5.8133333333333335,12,1,11,202.99333333333334,200.00000000000003,-2.993333333333311,0-15
1022300185|1611661330,2023,62.04666666666667,12,3,9,144.80333333333334,200.0,55.19666666666666,45+
1022300193|1611661330,2023,51.56333333333333,11,2,9,149.66,188.75,39.09,45+
1022300202|1611661330,2023,57.93666666666667,12,3,9,158.07000000000002,200.0,41.92999999999998,45+
1022300206|1611661330,2023,21.356666666666666,12,1,11,202.70000000000002,200.0,-2.700000000000017,15-30
1022300210|1611661330,2023,21.356666666666666,12,1,11,216.89999999999998,200.00000000000006,-16.89999999999992,15-30
1022300218|1611661330,2023,0.0,11,0,11,217.3,225.0,7.699999999999989,none
1022300228|1611661330,2023,6.083333333333333,11,1,10,215.08,199.99999999999997,-15.080000000000041,0-15
1022300231|1611661330,2023,37.04666666666667,11,3,8,183.81333333333333,200.0,16.186666666666667,30-45
1022300235|1611661330,2023,6.03,11,1,10,212.86333333333334,200.0,-12.863333333333344,0-15
1022300004|1611661320,2023,0.0,0,0,0,0.0,0.0,0.0,none
1022300012|1611661320,2023,0.0,0,0,0,0.0,0.0,0.0,none
1022300017|1611661320,2023,0.0,0,0,0,0.0,0.0,0.0,none
1022300029|1611661320,2023,0.0,0,0,0,0.0,0.0,0.0,none
1022300031|1611661320,2023,0.0,5,0,5,110.90555555555555,76.86666666666667,-34.03888888888888,none
1022300037|1611661320,2023,38.25694444444444,9,2,7,181.3,180.43333333333334,-0.8666666666666742,30-45
1022300044|1611661320,2023,53.65694444444444,10,3,7,178.12583333333333,174.81666666666666,-3.3091666666666697,45+
1022300051|1611661320,2023,83.63694444444444,10,4,6,150.41666666666669,177.53333333333333,27.116666666666646,45+
1022300055|1611661320,2023,68.23694444444445,10,3,7,168.62,168.68333333333334,0.06333333333333258,45+
1022300060|1611661320,2023,91.62416666666667,11,4,7,159.9911111111111,180.63333333333333,20.642222222222216,45+
1022300065|1611661320,2023,77.86166666666666,11,3,8,176.17944444444444,194.31666666666666,18.13722222222222,45+
1022300068|1611661320,2023,77.86166666666666,11,3,8,186.57833333333335,186.16666666666669,-0.41166666666666174,45+
1022300075|1611661320,2023,47.88166666666667,10,2,8,191.44666666666666,166.61666666666667,-24.829999999999984,45+
1022300080|1611661320,2023,59.48166666666667,10,3,7,180.42333333333335,176.4666666666667,-3.9566666666666492,45+
1022300085|1611661320,2023,0.0,10,0,10,212.32222222222222,200.01666666666665,-12.305555555555571,none
1022300091|1611661320,2023,17.3,10,1,9,190.91416666666666,199.99999999999997,9.085833333333312,15-30
1022300094|1611661320,2023,50.67333333333333,10,2,8,154.37666666666667,200.0,45.623333333333335,45+
1022300101|1611661320,2023,17.3,10,1,9,189.71,200.00000000000003,10.29000000000002,15-30
1022300110|1611661320,2023,44.980000000000004,10,2,8,169.44,200.0,30.560000000000002,30-45
1022300119|1611661320,2023,17.3,10,1,9,200.85,200.0,-0.8499999999999943,15-30
1022300125|1611661320,2023,19.95333333333333,9,1,8,189.91666666666666,157.33333333333331,-32.58333333333334,15-30
1022300131|1611661320,2023,45.73333333333332,11,2,9,228.19333333333336,199.99999999999997,-28.193333333333385,45+
1022300139|1611661320,2023,45.73333333333332,11,2,9,217.54666666666668,200.0,-17.54666666666668,45+
1022300141|1611661320,2023,50.97666666666666,11,2,9,206.0,200.0,-6.0,45+
1022300150|1611661320,2023,50.97666666666666,11,2,9,199.82666666666665,200.0,0.17333333333334622,45+
1022300154|1611661320,2023,44.39666666666667,10,2,8,177.40666666666667,200.0,22.593333333333334,30-45
1022300158|1611661320,2023,31.023333333333333,10,1,9,196.88333333333333,194.35000000000002,-2.533333333333303,30-45
1022300164|1611661320,2023,31.023333333333333,10,1,9,200.98666666666668,200.0,-0.9866666666666788,30-45
1022300167|1611661320,2023,0.0,9,0,9,200.89666666666668,190.11666666666665,-10.78000000000003,none
1022300176|1611661320,2023,0.0,9,0,9,202.06,199.98333333333335,-2.076666666666654,none
1022300188|1611661320,2023,12.540000000000001,9,1,8,187.67666666666668,198.56666666666666,10.889999999999986,0-15
1022300197|1611661320,2023,0.0,10,0,10,211.87,200.0,-11.870000000000005,none
1022300202|1611661320,2023,4.096666666666667,10,1,9,203.07333333333332,200.0,-3.0733333333333235,0-15
1022300205|1611661320,2023,0.0,10,0,10,204.52666666666667,200.0,-4.526666666666671,none
1022300212|1611661320,2023,37.403333333333336,10,2,8,165.75666666666666,200.0,34.24333333333334,30-45
1022300215|1611661320,2023,31.336666666666666,10,1,9,173.76666666666665,199.99999999999997,26.23333333333332,30-45
1022300223|1611661320,2023,35.56333333333333,10,2,8,174.61333333333332,200.0,25.386666666666684,30-45
1022300224|1611661320,2023,58.25,10,2,8,158.81666666666666,200.0,41.18333333333334,45+
1022300229|1611661320,2023,62.25333333333333,10,3,7,157.55666666666664,200.0,42.44333333333336,45+
1022300240|1611661320,2023,27.8,10,1,9,200.77333333333334,200.0,-0.7733333333333405,15-30
1022300005|1611661328,2023,0.0,0,0,0,0.0,0.0,0.0,none
1022300015|1611661328,2023,0.0,0,0,0,0.0,0.0,0.0,none
1022300024|1611661328,2023,0.0,0,0,0,0.0,0.0,0.0,none
1022300031|1611661328,2023,0.0,0,0,0,0.0,0.0,0.0,none
1022300037|1611661328,2023,18.116666666666667,9,2,7,166.00555555555556,157.51666666666665,-8.488888888888908,15-30
1022300045|1611661328,2023,46.211111111111116,10,2,8,153.00555555555556,181.51666666666665,28.51111111111109,45+
1022300050|1611661328,2023,11.061111111111112,11,1,10,197.87916666666666,196.55,-1.3291666666666515,0-15
1022300054|1611661328,2023,11.061111111111112,11,1,10,207.57583333333332,195.93333333333334,-11.642499999999984,0-15
1022300058|1611661328,2023,11.061111111111112,12,1,11,213.8188888888889,197.21666666666664,-16.602222222222252,0-15
1022300061|1611661328,2023,25.06,12,3,9,189.78333333333333,200.0,10.216666666666669,15-30
1022300069|1611661328,2023,23.8,12,3,9,192.60999999999999,199.99999999999997,7.389999999999986,15-30
1022300073|1611661328,2023,37.07333333333333,12,4,8,181.95999999999998,200.0,18.04000000000002,30-45
1022300077|1611661328,2023,25.630000000000003,12,1,11,196.42666666666665,200.0,3.573333333333352,15-30
1022300083|1611661328,2023,44.580000000000005,12,4,8,178.89,200.0,21.110000000000014,30-45
1022300089|1611661328,2023,64.95,12,4,8,161.37666666666667,225.01666666666668,63.640000000000015,45+
1022300097|1611661328,2023,14.869999999999997,12,2,10,215.47,200.0,-15.469999999999999,0-15
1022300102|1611661328,2023,4.45,12,1,11,235.74666666666664,200.01666666666668,-35.72999999999996,0-15
1022300107|1611661328,2023,37.04,12,4,8,197.03666666666666,200.0,2.9633333333333383,30-45
1022300113|1611661328,2023,22.479999999999997,11,2,9,196.94333333333333,179.9,-17.043333333333322,15-30
1022300118|1611661328,2023,49.00999999999999,11,2,9,186.77333333333334,176.13333333333333,-10.640000000000015,45+
1022300127|1611661328,2023,33.85666666666667,11,3,8,194.62,170.88333333333333,-23.73666666666668,30-45
1022300130|1611661328,2023,7.573333333333333,11,1,10,207.85666666666668,175.2,-32.656666666666695,0-15
1022300136|1611661328,2023,64.89333333333335,12,4,8,171.59444444444446,200.0,28.405555555555537,45+
1022300143|1611661328,2023,20.456666666666667,12,2,10,210.90083333333334,200.00000000000003,-10.90083333333331,15-30
1022300147|1611661328,2023,0.0,12,0,12,230.81,200.0,-30.810000000000002,none
1022300155|1611661328,2023,23.703333333333333,12,2,10,205.08666666666667,200.01666666666665,-5.070000000000022,15-30
1022300161|1611661328,2023,40.34,12,4,8,191.69333333333333,200.0,8.306666666666672,30-45
1022300166|1611661328,2023,9.3,12,1,11,222.76666666666668,200.0333333333333,-22.733333333333377,0-15
1022300173|1611661328,2023,56.17000000000001,12,4,8,178.05333333333334,200.0,21.94666666666666,45+
1022300179|1611661328,2023,51.24333333333334,12,3,9,178.2,200.0,21.80000000000001,45+
1022300187|1611661328,2023,51.24333333333334,12,3,9,183.29,200.01666666666668,16.726666666666688,45+
1022300192|1611661328,2023,34.13000000000001,11,1,10,194.29,200.0,5.710000000000008,30-45
1022300195|1611661328,2023,34.13000000000001,11,1,10,194.73333333333332,200.01666666666668,5.28333333333336,30-45
1022300199|1611661328,2023,3.75,10,1,9,196.38,200.00000000000003,3.620000000000033,0-15
1022300208|1611661328,2023,11.43,10,1,9,192.41333333333333,200.0,7.586666666666673,0-15
1022300215|1611661328,2023,3.7666666666666666,10,1,9,199.78333333333333,200.01666666666668,0.2333333333333485,0-15
1022300219|1611661328,2023,0.0,10,0,10,202.9,200.0,-2.9000000000000057,none
1022300228|1611661328,2023,4.68,10,1,9,198.4633333333333,200.0,1.5366666666666902,0-15
1022300233|1611661328,2023,0.0,10,0,10,202.90666666666667,200.0,-2.9066666666666663,none
1022300240|1611661328,2023,6.373333333333333,10,1,9,197.93,200.01666666666668,2.086666666666673,0-15
1022300003|1611661329,2023,0.0,0,0,0,0.0,0.0,0.0,none
1022300009|1611661329,2023,0.0,0,0,0,0.0,0.0,0.0,none
1022300014|1611661329,2023,0.0,0,0,0,0.0,0.0,0.0,none
1022300019|1611661329,2023,0.0,0,0,0,0.0,0.0,0.0,none
1022300021|1611661329,2023,0.0,6,0,6,140.54444444444445,144.55,4.00555555555556,none
1022300028|1611661329,2023,0.0,7,0,7,168.71944444444443,190.4333333333333,21.713888888888874,none
1022300033|1611661329,2023,24.78,8,1,7,153.84416666666667,197.55,43.705833333333345,15-30
1022300036|1611661329,2023,10.303333333333333,9,1,8,186.81166666666667,225.0,38.18833333333333,0-15
1022300044|1611661329,2023,10.303333333333333,9,1,8,194.09083333333334,198.26666666666665,4.1758333333333155,0-15
1022300047|1611661329,2023,10.303333333333333,9,1,8,203.06333333333333,186.83333333333334,-16.22999999999999,0-15
1022300057|1611661329,2023,43.333333333333336,9,2,7,168.96666666666667,200.0,31.03333333333333,30-45
1022300063|1611661329,2023,22.299999999999997,9,2,7,191.78,167.06666666666666,-24.71333333333334,15-30
1022300071|1611661329,2023,0.0,9,0,9,224.65444444444444,190.76666666666665,-33.887777777777785,none
1022300078|1611661329,2023,17.87,11,2,9,225.70833333333334,200.0,-25.708333333333343,15-30
1022300085|1611661329,2023,9.403333333333332,11,1,10,224.61333333333332,200.0,-24.613333333333316,0-15
1022300091|1611661329,2023,24.412499999999998,11,3,8,202.19,200.0,-2.1899999999999977,15-30
1022300095|1611661329,2023,15.009166666666665,11,2,9,209.94,200.0,-9.939999999999998,15-30
1022300104|1611661329,2023,9.636666666666667,11,1,10,211.71583333333334,200.0,-11.715833333333336,0-15
1022300112|1611661329,2023,21.509999999999998,11,3,8,195.74666666666667,194.93333333333334,-0.8133333333333326,15-30
1022300116|1611661329,2023,21.509999999999998,11,3,8,196.92666666666668,198.75,1.8233333333333235,15-30
1022300126|1611661329,2023,16.009999999999998,11,2,9,202.64666666666668,190.48333333333332,-12.163333333333355,15-30
1022300130|1611661329,2023,9.636666666666667,11,1,10,209.30333333333334,185.58333333333334,-23.72,0-15
1022300137|1611661329,2023,13.991111111111111,11,3,8,195.19,200.0,4.810000000000002,0-15
1022300143|1611661329,2023,24.613333333333333,11,3,8,181.24444444444444,200.0,18.75555555555556,15-30
1022300148|1611661329,2023,5.513333333333334,11,1,10,206.14916666666667,200.0,-6.149166666666673,0-15
1022300159|1611661329,2023,5.513333333333334,11,1,10,205.45,200.0,-5.449999999999989,0-15
1022300165|1611661329,2023,7.096666666666668,11,2,9,202.2,200.01666666666665,-2.183333333333337,0-15
1022300168|1611661329,2023,13.040000000000001,10,2,8,191.42666666666665,200.0,8.573333333333352,0-15
1022300174|1611661329,2023,0.0,10,0,10,206.98,200.00000000000003,-6.979999999999961,none
1022300178|1611661329,2023,1.5233333333333334,10,1,9,203.86333333333334,200.0,-3.863333333333344,0-15
1022300185|1611661329,2023,1.5233333333333334,10,1,9,201.15333333333334,197.81666666666663,-3.3366666666667015,0-15
1022300190|1611661329,2023,15.776666666666667,11,3,8,192.60333333333332,200.0,7.396666666666675,15-30
1022300195|1611661329,2023,0.0,11,0,11,207.13666666666666,200.0,-7.136666666666656,none
1022300200|1611661329,2023,13.493333333333334,11,3,8,194.07666666666668,200.0,5.923333333333318,0-15
1022300208|1611661329,2023,3.913333333333334,11,2,9,201.03333333333333,199.99999999999997,-1.0333333333333599,0-15
1022300212|1611661329,2023,39.78,11,3,8,164.42333333333335,200.0,35.576666666666654,30-45
1022300220|1611661329,2023,30.133333333333333,11,1,10,179.03333333333333,200.01666666666668,20.98333333333335,30-45
1022300225|1611661329,2023,0.0,11,0,11,217.68666666666667,199.99999999999997,-17.686666666666696,none
1022300232|1611661329,2023,16.446666666666665,11,2,9,199.01333333333332,200.0,0.9866666666666788,15-30
1022300236|1611661329,2023,30.546666666666663,11,1,10,187.9,225.0,37.099999999999994,30-45
1022300006|1611661321,2023,0.0,0,0,0,0.0,0.0,0.0,none
1022300015|1611661321,2023,0.0,0,0,0,0.0,0.0,0.0,none
1022300019|1611661321,2023,0.0,0,0,0,0.0,0.0,0.0,none
1022300023|1611661321,2023,0.0,0,0,0,0.0,0.0,0.0,none
1022300026|1611661321,2023,0.0,8,0,8,192.37777777777777,185.13333333333333,-7.24444444444444,none
1022300032|1611661321,2023,0.0,8,0,8,187.575,189.91666666666666,2.3416666666666686,none
1022300039|1611661321,2023,28.79333333333333,8,1,7,158.29333333333335,150.5,-7.793333333333351,15-30
1022300042|1611661321,2023,28.79333333333333,9,1,8,177.4488888888889,172.21666666666667,-5.232222222222219,15-30
1022300046|1611661321,2023,28.79333333333333,10,1,9,180.96416666666667,179.53333333333333,-1.4308333333333394,15-30
1022300055|1611661321,2023,28.79333333333333,10,1,9,178.35833333333335,183.04999999999998,4.6916666666666345,15-30
1022300061|1611661321,2023,24.26222222222222,11,2,9,205.08333333333334,200.01666666666668,-5.066666666666663,15-30
1022300067|1611661321,2023,22.155555555555555,11,1,10,208.53,177.53333333333333,-30.99666666666667,15-30
1022300075|1611661321,2023,22.155555555555555,11,1,10,205.35666666666665,170.6833333333333,-34.673333333333346,15-30
1022300080|1611661321,2023,23.845555555555556,11,2,9,195.86666666666667,175.71666666666664,-20.150000000000034,15-30
1022300084|1611661321,2023,26.525555555555556,12,3,9,210.73222222222222,200.00000000000003,-10.732222222222191,15-30
1022300096|1611661321,2023,4.369999999999999,11,2,9,206.03916666666666,184.11666666666667,-21.922499999999985,0-15
1022300100|1611661321,2023,23.43,12,3,9,202.59416666666667,200.0,-2.5941666666666663,15-30
1022300105|1611661321,2023,23.43,12,3,9,198.63333333333333,200.0,1.3666666666666742,15-30
1022300109|1611661321,2023,21.74,11,2,9,198.99333333333334,200.01666666666665,1.0233333333333121,15-30
1022300117|1611661321,2023,19.06,10,1,9,196.77666666666667,200.00000000000003,3.2233333333333576,15-30
1022300123|1611661321,2023,0.0,10,0,10,216.69666666666666,200.0,-16.69666666666666,none
1022300131|1611661321,2023,0.0,10,0,10,213.10333333333332,200.0,-13.103333333333325,none
1022300138|1611661321,2023,6.986666666666667,10,1,9,205.9,199.99999999999997,-5.900000000000034,0-15
1022300144|1611661321,2023,0.0,10,0,10,210.48333333333335,199.99999999999997,-10.483333333333377,none
1022300149|1611661321,2023,0.0,10,0,10,207.33333333333334,199.99999999999997,-7.333333333333371,none
1022300155|1611661321,2023,0.0,10,0,10,204.1,200.03333333333333,-4.066666666666663,none
1022300159|1611661321,2023,12.506666666666666,10,1,9,189.35999999999999,199.99999999999997,10.639999999999986,0-15
1022300165|1611661321,2023,12.506666666666666,10,1,9,191.61333333333334,199.91666666666669,8.303333333333342,0-15
1022300169|1611661321,2023,14.456666666666665,11,2,9,192.79,200.0,7.210000000000008,0-15
1022300177|1611661321,2023,1.95,11,1,10,207.73999999999998,199.98333333333332,-7.756666666666661,0-15
1022300183|1611661321,2023,1.95,11,1,10,207.86999999999998,199.99999999999997,-7.8700000000000045,0-15
1022300189|1611661321,2023,10.136666666666667,11,2,9,198.85,200.0,1.1500000000000057,0-15
1022300196|1611661321,2023,1.95,11,1,10,206.66333333333333,200.0,-6.663333333333327,0-15
1022300201|1611661321,2023,33.989999999999995,10,1,9,169.83,200.01666666666665,30.18666666666664,30-45
1022300207|1611661321,2023,33.989999999999995,10,1,9,169.66333333333333,199.99999999999997,30.336666666666645,30-45
1022300216|1611661321,2023,30.3,10,1,9,178.05,200.0,21.94999999999999,30-45
1022300221|1611661321,2023,14.336666666666668,10,1,9,199.86333333333334,225.0,25.136666666666656,0-15
1022300226|1611661321,2023,0.0,10,0,10,218.10999999999999,200.0,-18.109999999999985,none
1022300233|1611661321,2023,28.806666666666665,10,1,9,197.80999999999997,199.99999999999997,2.1899999999999977,15-30
1022300235|1611661321,2023,0.0,10,0,10,225.09333333333333,200.00000000000003,-25.093333333333305,none
1022300003|1611661324,2023,0.0,0,0,0,0.0,0.0,0.0,none
1022300011|1611661324,2023,0.0,0,0,0,0.0,0.0,0.0,none
1022300013|1611661324,2023,0.0,0,0,0,0.0,0.0,0.0,none
1022300020|1611661324,2023,0.0,0,0,0,0.0,0.0,0.0,none
1022300023|1611661324,2023,9.733333333333333,9,1,8,151.58333333333334,163.31666666666666,11.73333333333332,0-15
1022300025|1611661324,2023,32.55,10,2,8,157.20416666666665,171.83333333333331,14.629166666666663,30-45
1022300030|1611661324,2023,33.61666666666667,11,2,9,188.265,200.0,11.735000000000014,30-45
1022300043|1611661324,2023,35.01583333333333,11,2,9,187.715,200.0,12.284999999999997,30-45
1022300051|1611661324,2023,35.01583333333333,11,2,9,193.65666666666667,200.0,6.343333333333334,30-45
1022300060|1611661324,2023,70.7825,11,3,8,164.02,200.0,35.97999999999999,45+
1022300066|1611661324,2023,47.70333333333333,10,2,8,166.94,190.38333333333333,23.443333333333328,45+
1022300068|1611661324,2023,47.70333333333333,10,2,8,176.20666666666668,200.0,23.793333333333322,45+
1022300072|1611661324,2023,35.766666666666666,9,1,8,181.27333333333334,183.03333333333336,1.7600000000000193,30-45
1022300083|1611661324,2023,63.12,9,2,7,159.12333333333333,162.75,3.626666666666665,45+
1022300089|1611661324,2023,27.35333333333333,9,1,8,184.84333333333333,221.58333333333331,36.73999999999998,15-30
1022300093|1611661324,2023,27.35333333333333,10,1,9,199.66,197.76666666666668,-1.8933333333333167,15-30
1022300099|1611661324,2023,27.35333333333333,10,1,9,202.90916666666666,197.11666666666665,-5.792500000000018,15-30
1022300106|1611661324,2023,27.35333333333333,11,1,10,205.2088888888889,200.0,-5.208888888888907,15-30
1022300111|1611661324,2023,0.0,10,0,10,203.98083333333335,200.00000000000003,-3.9808333333333223,none
1022300117|1611661324,2023,0.0,10,0,10,205.00333333333333,200.0,-5.00333333333333,none
1022300120|1611661324,2023,12.416666666666668,10,1,9,192.58666666666667,182.61666666666667,-9.969999999999999,0-15
1022300125|1611661324,2023,27.016666666666666,11,3,8,196.30666666666667,196.4666666666667,0.160000000000025,15-30
1022300132|1611661324,2023,27.016666666666666,12,3,9,205.90333333333334,200.0,-5.903333333333336,15-30
1022300140|1611661324,2023,33.89,12,4,8,191.62333333333333,187.43333333333334,-4.189999999999998,30-45
1022300038|1611661324,2023,56.446666666666665,13,4,9,199.06333333333333,200.0,0.9366666666666674,45+
1022300145|1611661324,2023,44.943333333333335,12,3,9,190.9,200.00000000000003,9.100000000000023,30-45
1022300151|1611661324,2023,30.8,11,1,10,200.02,199.99999999999994,-0.020000000000067075,30-45
1022300160|1611661324,2023,45.63333333333333,11,3,8,185.21333333333334,200.0,14.786666666666662,45+
1022300168|1611661324,2023,37.27666666666667,11,2,9,192.62666666666667,192.95,0.3233333333333235,30-45
1022300171|1611661324,2023,9.616666666666665,12,1,11,241.59333333333333,200.01666666666665,-41.57666666666668,0-15
1022300187|1611661324,2023,50.803333333333335,12,3,9,199.7266666666667,200.01666666666665,0.2899999999999636,45+
1022300192|1611661324,2023,41.21666666666667,12,2,10,206.27,200.0,-6.27000000000001,30-45
1022300196|1611661324,2023,41.123333333333335,11,2,9,198.79666666666665,200.0,1.2033333333333474,30-45
1022300201|1611661324,2023,31.6,11,1,10,202.98666666666668,200.0,-2.986666666666679,30-45
1022300204|1611661324,2023,31.6,11,1,10,201.32666666666668,200.0,-1.3266666666666822,30-45
1022300211|1611661324,2023,21.443333333333335,10,1,9,177.10999999999999,200.0,22.890000000000015,15-30
1022300218|1611661324,2023,21.443333333333335,10,1,9,180.87333333333333,225.01666666666665,44.14333333333332,15-30
1022300222|1611661324,2023,21.443333333333335,10,1,9,182.28666666666666,200.01666666666668,17.730000000000018,15-30
1022300232|1611661324,2023,33.18,10,2,8,182.42000000000002,200.0,17.579999999999984,30-45
1022300237|1611661324,2023,21.443333333333335,10,1,9,198.11333333333334,200.0,1.886666666666656,15-30
1022300001|1611661325,2023,0.0,0,0,0,0.0,0.0,0.0,none
1022300008|1611661325,2023,0.0,0,0,0,0.0,0.0,0.0,none
1022300018|1611661325,2023,0.0,0,0,0,0.0,0.0,0.0,none
1022300022|1611661325,2023,0.0,0,0,0,0.0,0.0,0.0,none
1022300034|1611661325,2023,0.0,9,0,9,191.30555555555554,183.3666666666667,-7.93888888888884,none
1022300036|1611661325,2023,22.31388888888889,11,2,9,180.11388888888888,225.01666666666665,44.90277777777777,15-30
1022300043|1611661325,2023,6.538888888888889,11,1,10,199.9425,200.00000000000003,0.05750000000003297,0-15
1022300049|1611661325,2023,0.0,11,0,11,212.61222222222221,199.99999999999997,-12.612222222222243,none
1022300052|1611661325,2023,4.983333333333333,11,1,10,205.9933333333333,200.0,-5.993333333333311,0-15
1022300057|1611661325,2023,4.983333333333333,11,1,10,204.84666666666666,200.01666666666668,-4.829999999999984,0-15
1022300064|1611661325,2023,0.0,11,0,11,212.79666666666668,199.99999999999997,-12.79666666666671,none
1022300073|1611661325,2023,25.35,11,2,9,184.05,197.43333333333334,13.383333333333326,15-30
1022300076|1611661325,2023,8.19,11,1,10,199.15333333333334,198.91666666666669,-0.23666666666665037,0-15
1022300081|1611661325,2023,15.194444444444443,12,3,9,194.18,200.0,5.819999999999993,15-30
1022300088|1611661325,2023,0.0,12,0,12,208.67111111111112,200.0,-8.671111111111117,none
1022300095|1611661325,2023,6.223333333333333,12,2,10,203.12,200.00000000000003,-3.119999999999976,0-15
1022300099|1611661325,2023,7.783333333333334,12,2,10,199.04333333333332,200.0,0.9566666666666777,0-15
1022300103|1611661325,2023,14.85,12,3,9,194.17333333333335,196.06666666666666,1.8933333333333167,0-15
1022300109|1611661325,2023,14.85,12,3,9,193.73999999999998,192.03333333333333,-1.7066666666666492,0-15
1022300115|1611661325,2023,58.82333333333333,12,3,9,150.5,217.00000000000003,66.50000000000003,45+
1022300122|1611661325,2023,60.373333333333335,13,4,9,156.96333333333334,200.01666666666665,43.05333333333331,45+
1022300133|1611661325,2023,28.43333333333333,12,1,11,196.82,200.0,3.180000000000007,15-30
1022300139|1611661325,2023,37.05,12,3,9,195.04333333333332,200.0,4.956666666666678,30-45
1022300141|1611661325,2023,37.05,12,3,9,196.75,200.0,3.25,30-45
1022300147|1611661325,2023,0.0,11,0,11,214.34333333333333,200.0,-14.343333333333334,none
1022300152|1611661325,2023,29.243333333333332,11,1,10,192.87,200.03333333333336,7.163333333333355,15-30
1022300157|1611661325,2023,0.0,11,0,11,213.67333333333332,199.99999999999997,-13.673333333333346,none
1022300162|1611661325,2023,0.0,11,0,11,207.90333333333334,200.01666666666668,-7.886666666666656,none
1022300167|1611661325,2023,12.56,11,2,9,198.25333333333333,181.98333333333335,-16.269999999999982,0-15
1022300171|1611661325,2023,12.56,12,2,10,222.84333333333333,200.0,-22.843333333333334,0-15
1022300180|1611661325,2023,30.633333333333333,12,3,9,200.19,200.00000000000003,-0.1899999999999693,30-45
1022300184|1611661325,2023,12.56,12,2,10,215.43333333333334,200.0,-15.433333333333337,0-15
1022300191|1611661325,2023,25.613333333333333,12,2,10,198.78666666666666,200.0,1.2133333333333383,15-30
1022300199|1611661325,2023,23.85333333333333,11,2,9,190.08333333333334,193.68333333333334,3.5999999999999943,15-30
1022300206|1611661325,2023,26.44,12,2,10,196.04333333333332,200.0,3.9566666666666777,15-30
1022300216|1611661325,2023,31.68,12,3,9,190.15666666666667,200.0166666666667,9.860000000000042,30-45
1022300221|1611661325,2023,29.656666666666666,12,3,9,194.48,225.01666666666668,30.53666666666669,15-30
1022300225|1611661325,2023,26.373333333333335,11,1,10,179.29333333333332,200.00000000000003,20.706666666666706,15-30
1022300230|1611661325,2023,26.373333333333335,11,1,10,190.05333333333334,200.0,9.946666666666658,15-30
1022300237|1611661325,2023,29.616666666666667,11,2,9,189.88,200.00000000000003,10.120000000000033,15-30
1022400003|1611661317,2024,0.0,0,0,0,0.0,0.0,0.0,none
1022400013|1611661317,2024,0.0,0,0,0,0.0,0.0,0.0,none
1022400018|1611661317,2024,0.0,0,0,0,0.0,0.0,0.0,none
1022400023|1611661317,2024,0.0,0,0,0,0.0,0.0,0.0,none
1022400029|1611661317,2024,0.0,9,0,9,196.66111111111113,194.51666666666668,-2.1444444444444457,none
1022400032|1611661317,2024,41.59166666666667,10,2,8,160.0402777777778,200.0,39.95972222222221,30-45
1022400035|1611661317,2024,26.545833333333334,10,1,9,177.38333333333333,200.0,22.616666666666674,15-30
1022400043|1611661317,2024,26.545833333333334,10,1,9,185.97,200.0,14.030000000000001,15-30
1022400048|1611661317,2024,37.719166666666666,10,2,8,178.70666666666668,200.01666666666668,21.310000000000002,30-45
1022400051|1611661317,2024,26.545833333333334,10,1,9,194.17000000000002,200.0,5.829999999999984,15-30
1022400059|1611661317,2024,23.363333333333333,9,2,7,177.51999999999998,151.39999999999998,-26.120000000000005,15-30
1022400063|1611661317,2024,38.836666666666666,10,3,7,188.23333333333335,211.08333333333337,22.850000000000023,30-45
1022400073|1611661317,2024,38.836666666666666,10,3,7,186.73,167.73333333333335,-18.99666666666664,30-45
1022400078|1611661317,2024,38.836666666666666,10,3,7,191.08666666666667,169.25,-21.836666666666673,30-45
1022400083|1611661317,2024,38.836666666666666,11,3,8,218.66222222222223,200.0,-18.662222222222226,30-45
1022400093|1611661317,2024,15.576666666666664,9,1,8,212.41833333333332,183.86666666666667,-28.551666666666648,15-30
1022400103|1611661317,2024,0.0,10,0,10,236.12333333333333,197.93333333333334,-38.19,none
1022400108|1611661317,2024,10.316666666666666,10,1,9,218.68,200.0,-18.680000000000007,0-15
1022400109|1611661317,2024,57.30666666666667,10,2,8,157.50666666666666,200.0,42.49333333333334,45+
1022400115|1611661317,2024,5.506666666666667,10,1,9,206.47666666666666,200.0,-6.4766666666666595,0-15
1022400126|1611661317,2024,57.79666666666667,10,2,8,161.92333333333332,200.0,38.07666666666668,45+
1022400132|1611661317,2024,30.233333333333338,10,1,9,187.33333333333334,199.99999999999997,12.666666666666629,30-45
1022400135|1611661317,2024,81.60000000000001,10,4,6,144.20333333333335,175.91666666666666,31.71333333333331,45+
1022400139|1611661317,2024,17.506666666666668,10,2,8,211.77666666666667,190.01666666666665,-21.76000000000002,15-30
1022400143|1611661317,2024,17.506666666666668,10,2,8,221.95666666666665,188.0,-33.95666666666665,15-30
1022400149|1611661317,2024,40.913333333333334,11,3,8,199.36,200.0,0.6399999999999864,30-45
1022400153|1611661317,2024,38.24333333333333,11,3,8,204.53,200.0,-4.530000000000001,30-45
1022400161|1611661317,2024,34.22333333333333,10,2,8,199.62333333333333,177.31666666666666,-22.306666666666672,30-45
1022400165|1611661317,2024,45.663333333333334,10,3,7,186.22666666666666,182.51666666666668,-3.7099999999999795,45+
1022400168|1611661317,2024,43.053333333333335,10,3,7,178.58333333333334,181.79999999999998,3.21666666666664,30-45
1022400177|1611661317,2024,19.64666666666667,10,2,8,194.05666666666667,199.99999999999997,5.9433333333333,15-30
1022400183|1611661317,2024,11.44,10,1,9,205.13666666666666,199.99999999999997,-5.1366666666666845,0-15
1022400194|1611661317,2024,11.44,10,1,9,207.12666666666667,200.01666666666665,-7.110000000000014,0-15
1022400198|1611661317,2024,33.74,9,1,8,169.77666666666664,200.03333333333333,30.25666666666669,30-45
1022400201|1611661317,2024,0.0,9,0,9,201.08666666666667,195.65,-5.436666666666667,none
1022400206|1611661317,2024,0.0,9,0,9,209.75666666666666,187.95000000000002,-21.806666666666644,none
1022400223|1611661317,2024,31.84666666666667,9,1,8,175.04666666666665,193.8,18.75333333333336,30-45
1022400227|1611661317,2024,37.84666666666667,9,2,7,167.11999999999998,197.14999999999998,30.03,30-45
1022400233|1611661317,2024,31.84666666666667,10,1,9,185.07666666666668,200.0,14.923333333333318,30-45
1022400240|1611661317,2024,0.0,10,0,10,223.28583333333333,200.0,-23.28583333333333,none
1022400002|1611661323,2024,0.0,0,0,0,0.0,0.0,0.0,none
1022400008|1611661323,2024,0.0,0,0,0,0.0,0.0,0.0,none
1022400015|1611661323,2024,0.0,0,0,0,0.0,0.0,0.0,none
1022400021|1611661323,2024,0.0,0,0,0,0.0,0.0,0.0,none
1022400026|1611661323,2024,0.0,6,0,6,162.35,165.0,2.6500000000000057,none
1022400032|1611661323,2024,0.0,10,0,10,218.17638888888888,195.86666666666667,-22.309722222222206,none
1022400041|1611661323,2024,0.0,10,0,10,213.90666666666667,200.0,-13.906666666666666,none
1022400045|1611661323,2024,5.12,10,1,9,208.18,198.73333333333332,-9.446666666666687,0-15
1022400049|1611661323,2024,8.686666666666667,10,1,9,203.92333333333332,198.23333333333332,-5.689999999999998,0-15
1022400060|1611661323,2024,13.72,10,2,8,196.95333333333335,198.43333333333334,1.4799999999999898,0-15
1022400066|1611661323,2024,0.0,10,0,10,203.9,195.06666666666666,-8.833333333333343,none
1022400070|1611661323,2024,15.529999999999998,10,2,8,187.60999999999999,196.66666666666669,9.0566666666667,15-30
1022400076|1611661323,2024,6.6,10,1,9,198.9,196.3166666666667,-2.5833333333333144,0-15
1022400082|1611661323,2024,6.6,11,1,10,203.25333333333333,200.0,-3.2533333333333303,0-15
1022400090|1611661323,2024,6.6,11,1,10,202.1275,199.99999999999997,-2.127500000000026,0-15
1022400097|1611661323,2024,6.6,11,1,10,200.82999999999998,200.0,-0.8299999999999841,0-15
1022400099|1611661323,2024,24.493333333333336,11,3,8,180.90333333333334,225.01666666666668,44.113333333333344,15-30
1022400102|1611661323,2024,4.926666666666667,10,1,9,200.67000000000002,199.99999999999997,-0.6700000000000443,0-15
1022400109|1611661323,2024,16.666666666666664,10,2,8,193.24,200.0,6.759999999999991,15-30
1022400116|1611661323,2024,37.42333333333333,10,2,8,175.7,200.0,24.30000000000001,30-45
1022400123|1611661323,2024,0.0,10,0,10,216.85999999999999,200.01666666666665,-16.843333333333334,none
1022400128|1611661323,2024,13.416666666666668,10,2,8,205.48333333333332,200.0,-5.48333333333332,0-15
1022400139|1611661323,2024,0.0,10,0,10,215.96666666666667,200.00000000000003,-15.96666666666664,none
1022400145|1611661323,2024,4.293333333333333,10,1,9,209.09333333333333,199.99999999999997,-9.093333333333362,0-15
1022400154|1611661323,2024,56.76,10,3,7,155.40666666666667,157.93333333333334,2.526666666666671,45+
1022400158|1611661323,2024,31.203333333333333,10,3,7,175.33,163.16666666666669,-12.163333333333327,30-45
1022400162|1611661323,2024,27.996666666666666,10,2,8,176.38333333333333,173.61666666666667,-2.7666666666666515,15-30
1022400169|1611661323,2024,31.483333333333334,11,3,8,208.65,200.01666666666668,-8.633333333333326,30-45
1022400172|1611661323,2024,31.483333333333334,11,3,8,202.44333333333333,200.0,-2.443333333333328,30-45
1022400180|1611661323,2024,3.486666666666667,9,1,8,204.23666666666668,199.98333333333335,-4.25333333333333,0-15
1022400189|1611661323,2024,0.0,9,0,9,206.11333333333334,198.76666666666665,-7.346666666666692,none
1022400190|1611661323,2024,2.8433333333333333,9,1,8,199.88,200.0,0.12000000000000455,0-15
1022400195|1611661323,2024,2.8433333333333333,9,1,8,198.66,200.0,1.3400000000000034,0-15
1022400203|1611661323,2024,2.8433333333333333,9,1,8,198.78,200.0,1.2199999999999989,0-15
1022400211|1611661323,2024,0.0,9,0,9,201.62,199.08333333333334,-2.5366666666666617,none
1022400214|1611661323,2024,0.0,10,0,10,203.48333333333332,199.99999999999997,-3.4833333333333485,none
1022400223|1611661323,2024,0.0,10,0,10,202.0975,200.0,-2.0974999999999966,none
1022400228|1611661323,2024,0.0,10,0,10,202.51666666666668,200.00000000000003,-2.5166666666666515,none
1022400230|1611661323,2024,4.26,10,2,8,197.04,200.0,2.960000000000008,0-15
1022400235|1611661323,2024,0.0,10,0,10,200.78,200.00000000000003,-0.7799999999999727,none
1022400006|1611661330,2024,0.0,0,0,0,0.0,0.0,0.0,none
1022400013|1611661330,2024,0.0,0,0,0,0.0,0.0,0.0,none
1022400017|1611661330,2024,0.0,0,0,0,0.0,0.0,0.0,none
1022400030|1611661330,2024,0.0,0,0,0,0.0,0.0,0.0,none
1022400036|1611661330,2024,0.0,9,0,9,198.11666666666667,199.45,1.3333333333333144,none
1022400040|1611661330,2024,0.0,9,0,9,198.00416666666666,200.00000000000003,1.9958333333333655,none
1022400045|1611661330,2024,0.0,9,0,9,198.29333333333335,192.5,-5.793333333333351,none
1022400055|1611661330,2024,0.0,10,0,10,200.52777777777777,189.06666666666663,-11.461111111111137,none
1022400061|1611661330,2024,2.833333333333333,11,1,10,199.49555555555557,200.0,0.5044444444444309,0-15
1022400067|1611661330,2024,0.0,11,0,11,201.98583333333335,199.99999999999997,-1.9858333333333746,none
1022400071|1611661330,2024,6.296666666666667,11,2,9,195.30333333333334,200.0,4.696666666666658,0-15
1022400080|1611661330,2024,2.763333333333333,11,1,10,197.02666666666667,200.0,2.973333333333329,0-15
1022400085|1611661330,2024,20.61,11,2,9,180.07999999999998,200.0,19.920000000000016,15-30
1022400089|1611661330,2024,31.779999999999994,11,1,10,169.46666666666667,200.00000000000003,30.53333333333336,30-45
1022400094|1611661330,2024,31.779999999999994,11,1,10,178.28,185.75,7.469999999999999,30-45
1022400102|1611661330,2024,50.95666666666666,11,3,8,162.54333333333332,158.5,-4.043333333333322,45+
1022400106|1611661330,2024,75.22333333333333,11,5,6,144.99666666666667,137.7,-7.296666666666681,45+
1022400112|1611661330,2024,75.22333333333333,11,5,6,144.2866666666667,148.46666666666667,4.179999999999978,45+
1022400118|1611661330,2024,58.87555555555556,11,3,8,156.35,161.45,5.099999999999994,45+
1022400123|1611661330,2024,75.72888888888889,12,4,8,155.73777777777778,181.08333333333334,25.345555555555563,45+
1022400130|1611661330,2024,56.65888888888889,11,4,7,162.05166666666668,179.13333333333333,17.08166666666665,45+
1022400134|1611661330,2024,37.55555555555556,10,3,7,166.28333333333333,173.76666666666665,7.48333333333332,30-45
1022400141|1611661330,2024,31.572222222222223,11,2,9,191.9177777777778,179.89999999999998,-12.017777777777809,30-45
1022400147|1611661330,2024,13.306666666666668,11,2,9,210.315,176.91666666666666,-33.39833333333334,0-15
1022400152|1611661330,2024,49.17333333333333,12,4,8,205.11333333333332,170.5333333333333,-34.58000000000001,45+
1022400158|1611661330,2024,35.86666666666667,12,2,10,233.675,200.0,-33.67500000000001,30-45
1022400165|1611661330,2024,56.57666666666667,12,3,9,204.18666666666667,200.0,-4.186666666666667,45+
1022400168|1611661330,2024,56.57666666666667,12,3,9,203.10999999999999,200.0,-3.109999999999985,45+
1022400176|1611661330,2024,63.52333333333333,13,4,9,199.01666666666665,200.01666666666665,1.0,45+
1022400184|1611661330,2024,27.656666666666666,11,2,9,197.40333333333334,200.01666666666668,2.613333333333344,15-30
1022400187|1611661330,2024,54.02666666666667,11,2,9,171.72666666666666,199.99999999999997,28.273333333333312,45+
1022400193|1611661330,2024,0.0,10,0,10,204.74333333333334,200.0,-4.743333333333339,none
1022400198|1611661330,2024,0.0,10,0,10,211.19666666666666,200.01666666666668,-11.179999999999978,none
1022400202|1611661330,2024,7.239999999999999,10,1,9,203.07666666666668,224.99999999999997,21.92333333333329,0-15
1022400208|1611661330,2024,7.239999999999999,10,1,9,203.14666666666665,224.99999999999997,21.853333333333325,0-15
1022400212|1611661330,2024,7.239999999999999,10,1,9,208.18,200.0,-8.180000000000007,0-15
1022400219|1611661330,2024,7.239999999999999,10,1,9,213.72666666666666,200.0,-13.72666666666666,0-15
1022400226|1611661330,2024,7.239999999999999,10,1,9,208.11333333333332,225.01666666666668,16.903333333333364,0-15
1022400232|1611661330,2024,0.0,9,0,9,209.87666666666667,197.56666666666666,-12.310000000000002,none
1022400236|1611661330,2024,0.0,10,0,10,221.70666666666665,187.3,-34.40666666666664,none
1022400003|1611661319,2024,0.0,0,0,0,0.0,0.0,0.0,none
1022400011|1611661319,2024,0.0,0,0,0,0.0,0.0,0.0,none
1022400018|1611661319,2024,0.0,0,0,0,0.0,0.0,0.0,none
1022400027|1611661319,2024,0.0,0,0,0,0.0,0.0,0.0,none
1022400037|1611661319,2024,0.0,7,0,7,184.1,177.71666666666667,-6.383333333333326,none
1022400040|1611661319,2024,0.0,8,0,8,201.5402777777778,200.0,-1.5402777777777885,none
1022400052|1611661319,2024,0.0,8,0,8,201.09583333333333,178.85000000000002,-22.24583333333331,none
1022400057|1611661319,2024,5.526666666666666,8,1,7,192.81,176.86666666666665,-15.943333333333356,0-15
1022400065|1611661319,2024,35.93333333333333,8,1,7,158.33,172.2,13.869999999999976,30-45
1022400068|1611661319,2024,0.0,8,0,8,192.87333333333333,174.35000000000002,-18.523333333333312,none
1022400073|1611661319,2024,1.6722222222222223,10,1,9,217.89888888888888,200.0,-17.898888888888877,0-15
1022400077|1611661319,2024,0.0,10,0,10,214.35888888888888,199.99999999999997,-14.358888888888913,none
1022400086|1611661319,2024,1.9875,10,1,9,207.12666666666667,183.61666666666667,-23.50999999999999,0-15
1022400090|1611661319,2024,1.9875,10,1,9,206.37666666666667,179.36666666666667,-27.00999999999999,0-15
1022400100|1611661319,2024,11.744166666666668,10,2,8,191.63666666666666,173.16666666666669,-18.46999999999997,0-15
1022400104|1611661319,2024,11.744166666666668,10,2,8,182.71666666666667,173.88333333333333,-8.833333333333343,0-15
1022400113|1611661319,2024,22.88416666666667,11,2,9,188.64333333333335,200.0,11.356666666666655,15-30
1022400117|1611661319,2024,0.0,10,0,10,208.22666666666666,192.58333333333334,-15.643333333333317,none
1022400119|1611661319,2024,0.0,10,0,10,209.44333333333333,225.00000000000006,15.556666666666729,none
1022400124|1611661319,2024,22.083333333333336,10,1,9,183.41333333333333,197.56666666666666,14.153333333333336,15-30
1022400131|1611661319,2024,10.206666666666667,10,2,8,197.75666666666666,200.0,2.2433333333333394,0-15
1022400134|1611661319,2024,10.206666666666667,10,2,8,199.25666666666666,200.0,0.7433333333333394,0-15
1022400140|1611661319,2024,3.29,10,1,9,208.30333333333334,200.0,-8.303333333333342,0-15
1022400146|1611661319,2024,0.0,10,0,10,211.27333333333334,200.01666666666665,-11.256666666666689,none
1022400156|1611661319,2024,3.603333333333333,10,1,9,210.42333333333332,200.03333333333336,-10.389999999999958,0-15
1022400159|1611661319,2024,0.0,10,0,10,210.33666666666667,200.00000000000003,-10.336666666666645,none
1022400166|1611661319,2024,6.246666666666667,10,1,9,200.86333333333332,200.01666666666668,-0.8466666666666356,0-15
1022400171|1611661319,2024,0.0,10,0,10,206.32333333333332,200.0,-6.3233333333333235,none
1022400174|1611661319,2024,4.87,10,1,9,198.04666666666668,200.0,1.953333333333319,0-15
1022400179|1611661319,2024,8.94,10,2,8,193.17666666666668,200.0,6.8233333333333235,0-15
1022400187|1611661319,2024,32.03333333333333,10,1,9,171.26333333333332,200.03333333333333,28.77000000000001,30-45
1022400194|1611661319,2024,0.0,10,0,10,202.34333333333333,198.75000000000003,-3.5933333333333053,none
1022400197|1611661319,2024,40.61555555555555,11,2,9,175.04,199.99999999999997,24.95999999999998,30-45
1022400203|1611661319,2024,5.688888888888889,11,1,10,209.92666666666665,200.0,-9.926666666666648,0-15
1022400209|1611661319,2024,40.785555555555554,11,2,9,181.28333333333333,199.08333333333334,17.80000000000001,30-45
1022400215|1611661319,2024,11.058888888888887,11,2,9,207.80666666666667,200.0,-7.806666666666672,0-15
1022400220|1611661319,2024,11.058888888888887,11,2,9,214.78,200.0,-14.780000000000001,0-15
1022400228|1611661319,2024,0.0,10,0,10,215.46333333333334,197.91666666666669,-17.546666666666653,none
1022400234|1611661319,2024,10.443333333333333,11,2,9,208.93,200.0,-8.930000000000007,0-15
1022400239|1611661319,2024,122.71000000000001,11,4,7,92.17,184.64999999999998,92.47999999999998,45+
1022400001|1611661313,2024,0.0,0,0,0,0.0,0.0,0.0,none
1022400007|1611661313,2024,0.0,0,0,0,0.0,0.0,0.0,none
1022400010|1611661313,2024,0.0,0,0,0,0.0,0.0,0.0,none
1022400016|1611661313,2024,0.0,0,0,0,0.0,0.0,0.0,none
1022400022|1611661313,2024,0.0,9,0,9,187.4611111111111,195.48333333333332,8.022222222222211,none
1022400025|1611661313,2024,0.0,10,0,10,201.01111111111112,198.18333333333334,-2.827777777777783,none
1022400035|1611661313,2024,20.28472222222222,11,3,8,182.48,200.0,17.52000000000001,15-30
1022400042|1611661313,2024,26.089999999999996,11,1,10,178.0913888888889,200.00000000000003,21.908611111111128,15-30
1022400046|1611661313,2024,13.663333333333332,11,1,10,194.18166666666667,200.00000000000003,5.8183333333333564,0-15
1022400050|1611661313,2024,23.926666666666666,11,3,8,190.55666666666667,200.0,9.443333333333328,15-30
1022400055|1611661313,2024,39.49666666666666,11,2,9,175.69666666666666,200.00000000000003,24.30333333333337,30-45
1022400060|1611661313,2024,42.48,11,3,8,175.09,200.01666666666668,24.926666666666677,30-45
1022400062|1611661313,2024,39.49666666666666,11,2,9,184.66,200.0,15.340000000000003,30-45
1022400077|1611661313,2024,25.833333333333332,10,1,9,189.42333333333335,200.0,10.576666666666654,15-30
1022400083|1611661313,2024,28.89333333333333,10,2,8,189.21333333333334,200.0,10.786666666666662,15-30
1022400088|1611661313,2024,34.33333333333333,9,1,8,162.58333333333334,200.0,37.41666666666666,30-45
1022400092|1611661313,2024,34.33333333333333,9,1,8,167.00666666666666,200.0,32.99333333333334,30-45
1022400094|1611661313,2024,34.33333333333333,9,1,8,173.39333333333335,200.0,26.606666666666655,30-45
1022400106|1611661313,2024,17.023333333333333,9,2,7,196.93333333333334,178.71666666666667,-18.21666666666667,15-30
1022400111|1611661313,2024,17.023333333333333,10,2,8,227.14000000000001,200.0,-27.140000000000015,15-30
1022400121|1611661313,2024,17.023333333333333,10,2,8,223.40666666666667,200.0,-23.406666666666666,15-30
1022400128|1611661313,2024,49.81333333333333,10,3,7,185.95666666666668,200.0,14.043333333333322,45+
1022400133|1611661313,2024,32.79,10,1,9,196.25333333333333,191.28333333333336,-4.96999999999997,30-45
1022400137|1611661313,2024,72.62333333333333,11,3,8,173.38,200.0,26.620000000000005,45+
1022400145|1611661313,2024,72.62333333333333,11,3,8,168.41,200.0,31.590000000000003,45+
1022400151|1611661313,2024,32.79,11,1,10,217.05,193.9,-23.150000000000006,30-45
1022400156|1611661313,2024,4.6466666666666665,10,1,9,218.24666666666667,200.03333333333333,-18.21333333333334,0-15
1022400163|1611661313,2024,32.56333333333333,10,1,9,188.01999999999998,198.41666666666669,10.396666666666704,30-45
1022400167|1611661313,2024,38.45,10,2,8,177.88,190.28333333333333,12.403333333333336,30-45
1022400172|1611661313,2024,0.0,11,0,11,225.07666666666668,200.05,-25.02666666666667,none
1022400177|1611661313,2024,23.774166666666666,11,3,8,201.12333333333333,172.88333333333333,-28.24000000000001,15-30
1022400182|1611661313,2024,52.384166666666665,12,4,8,203.42666666666668,200.0,-3.4266666666666765,45+
1022400188|1611661313,2024,37.72083333333333,12,4,8,213.27333333333334,200.0,-13.27333333333334,30-45
1022400200|1611661313,2024,23.774166666666666,12,3,9,228.39333333333335,200.0,-28.393333333333345,15-30
1022400209|1611661313,2024,23.774166666666666,12,3,9,227.20999999999998,200.01666666666665,-27.193333333333328,15-30
1022400213|1611661313,2024,0.0,9,0,9,215.39666666666668,189.81666666666666,-25.580000000000013,none
1022400218|1611661313,2024,0.0,12,0,12,227.64666666666668,199.99999999999994,-27.646666666666732,none
1022400225|1611661313,2024,10.556666666666665,12,2,10,208.99666666666667,200.0,-8.99666666666667,0-15
1022400231|1611661313,2024,0.0,12,0,12,212.63666666666666,200.00000000000003,-12.636666666666628,none
1022400236|1611661313,2024,7.573333333333333,12,1,11,201.75,200.0,-1.75,0-15
1022400004|1611661328,2024,0.0,0,0,0,0.0,0.0,0.0,none
1022400009|1611661328,2024,0.0,0,0,0,0.0,0.0,0.0,none
1022400014|1611661328,2024,0.0,0,0,0,0.0,0.0,0.0,none
1022400016|1611661328,2024,0.0,0,0,0,0.0,0.0,0.0,none
1022400020|1611661328,2024,8.4,9,2,7,183.9611111111111,162.66666666666669,-21.294444444444423,0-15
1022400028|1611661328,2024,0.0,9,0,9,193.61666666666665,168.1833333333333,-25.433333333333337,none
1022400034|1611661328,2024,2.9125,10,1,9,222.72055555555556,199.99999999999997,-22.720555555555592,0-15
1022400038|1611661328,2024,0.0,10,0,10,221.005,195.25000000000006,-25.75499999999994,none
1022400051|1611661328,2024,40.00000000000001,10,2,8,175.44666666666666,178.36666666666667,2.920000000000016,30-45
1022400057|1611661328,2024,13.804444444444446,11,3,8,199.75666666666666,193.25,-6.506666666666661,0-15
1022400064|1611661328,2024,6.116666666666667,11,1,10,204.51777777777778,198.8,-5.717777777777769,0-15
1022400069|1611661328,2024,6.116666666666667,11,1,10,201.18166666666667,189.38333333333333,-11.798333333333346,0-15
1022400072|1611661328,2024,21.63111111111111,12,4,8,196.23,200.0,3.7700000000000102,15-30
1022400078|1611661328,2024,21.64666666666667,11,3,8,189.0611111111111,200.0,10.938888888888897,15-30
1022400086|1611661328,2024,3.41,11,1,10,209.665,200.0,-9.664999999999992,0-15
1022400097|1611661328,2024,5.75,11,2,9,208.30333333333334,200.0,-8.303333333333342,0-15
1022400101|1611661328,2024,0.0,11,0,11,207.85333333333332,200.0,-7.853333333333325,none
1022400105|1611661328,2024,0.0,11,0,11,206.84333333333333,200.0,-6.843333333333334,none
1022400110|1611661328,2024,0.0,11,0,11,206.72,200.01666666666668,-6.703333333333319,none
1022400120|1611661328,2024,2.8966666666666665,11,2,9,201.25,199.99999999999997,-1.2500000000000284,0-15
1022400125|1611661328,2024,18.6,11,4,7,179.64666666666668,200.0,20.353333333333325,15-30
1022400131|1611661328,2024,17.113333333333337,11,3,8,184.50666666666666,200.0,15.49333333333334,15-30
1022400136|1611661328,2024,1.6,11,1,10,198.69333333333333,200.00000000000003,1.3066666666667004,0-15
1022400141|1611661328,2024,0.0,11,0,11,204.70666666666668,200.01666666666665,-4.690000000000026,none
1022400144|1611661328,2024,6.203333333333333,11,2,9,202.24666666666667,200.0,-2.2466666666666697,0-15
1022400152|1611661328,2024,6.203333333333333,11,2,9,206.49666666666667,200.0,-6.49666666666667,0-15
1022400160|1611661328,2024,2.7666666666666666,11,1,10,204.04,200.01666666666665,-4.0233333333333405,0-15
1022400164|1611661328,2024,6.326666666666666,11,2,9,199.06333333333333,200.00000000000003,0.9366666666666958,0-15
1022400178|1611661328,2024,24.55666666666667,11,4,7,178.97,174.36666666666667,-4.603333333333325,15-30
1022400184|1611661328,2024,33.34666666666667,10,2,8,171.56,168.36666666666667,-3.193333333333328,30-45
1022400188|1611661328,2024,13.746666666666668,10,2,8,189.82666666666665,176.95,-12.876666666666665,0-15
1022400190|1611661328,2024,3.56,10,1,9,196.60333333333332,171.98333333333335,-24.619999999999976,0-15
1022400195|1611661328,2024,10.430000000000001,10,1,9,211.8211111111111,200.00000000000003,-11.821111111111065,0-15
1022400200|1611661328,2024,5.043333333333334,10,1,9,212.89083333333332,200.0,-12.890833333333319,0-15
1022400206|1611661328,2024,0.0,10,0,10,210.77,193.95,-16.82000000000002,none
1022400217|1611661328,2024,16.323333333333334,11,3,8,197.04999999999998,200.0,2.950000000000017,15-30
1022400221|1611661328,2024,10.836666666666666,11,2,9,196.17000000000002,200.0,3.829999999999984,0-15
1022400229|1611661328,2024,58.56666666666667,11,2,9,152.55666666666667,200.0,47.44333333333333,45+
1022400234|1611661328,2024,62.85666666666667,11,3,8,151.25333333333333,200.0,48.74666666666667,45+
1022400240|1611661328,2024,58.56666666666667,11,2,9,162.1,200.0,37.900000000000006,45+
1022400002|1611661325,2024,0.0,0,0,0,0.0,0.0,0.0,none
1022400007|1611661325,2024,0.0,0,0,0,0.0,0.0,0.0,none
1022400010|1611661325,2024,0.0,0,0,0,0.0,0.0,0.0,none
1022400015|1611661325,2024,0.0,0,0,0,0.0,0.0,0.0,none
1022400020|1611661325,2024,0.0,8,0,8,185.44444444444446,187.2,1.7555555555555316,none
1022400024|1611661325,2024,0.0,8,0,8,189.08333333333331,200.01666666666665,10.933333333333337,none
1022400027|1611661325,2024,17.78,8,1,7,170.92666666666668,168.8,-2.126666666666665,15-30
1022400033|1611661325,2024,0.0,9,0,9,198.59333333333333,200.00000000000003,1.4066666666666947,none
1022400038|1611661325,2024,39.980000000000004,9,2,7,163.67333333333335,175.6,11.926666666666648,30-45
1022400044|1611661325,2024,35.07666666666667,10,2,8,175.61333333333334,200.0,24.386666666666656,30-45
1022400046|1611661325,2024,25.0,10,1,9,193.72833333333332,194.70000000000002,0.9716666666666924,15-30
1022400056|1611661325,2024,48.90777777777778,11,4,7,175.02666666666667,200.0,24.97333333333333,45+
1022400066|1611661325,2024,25.0,11,1,10,200.7511111111111,193.15,-7.601111111111095,15-30
1022400071|1611661325,2024,16.119999999999997,11,3,8,192.58333333333331,200.01666666666665,7.433333333333337,15-30
1022400079|1611661325,2024,16.119999999999997,11,3,8,194.36333333333334,200.0,5.636666666666656,15-30
1022400084|1611661325,2024,16.119999999999997,11,3,8,193.64,200.01666666666665,6.376666666666665,15-30
1022400089|1611661325,2024,0.0,11,0,11,209.99333333333334,199.99999999999997,-9.993333333333368,none
1022400096|1611661325,2024,17.8625,11,3,8,197.61333333333334,200.0,2.386666666666656,15-30
1022400101|1611661325,2024,17.8625,11,3,8,195.37333333333333,180.81666666666666,-14.556666666666672,15-30
1022400108|1611661325,2024,17.8625,12,3,9,226.89666666666668,200.01666666666665,-26.880000000000024,15-30
1022400113|1611661325,2024,29.4025,12,4,8,210.84,197.86666666666667,-12.97333333333333,15-30
1022400121|1611661325,2024,41.98916666666667,12,4,8,196.14333333333332,192.9,-3.243333333333311,30-45
1022400129|1611661325,2024,24.12666666666667,9,1,8,190.89333333333335,191.46666666666667,0.5733333333333235,15-30
1022400135|1611661325,2024,39.81666666666667,9,2,7,175.10666666666665,195.1,19.99333333333334,30-45
1022400142|1611661325,2024,39.81666666666667,10,2,8,182.00555555555556,200.0,17.99444444444444,30-45
1022400148|1611661325,2024,39.81666666666667,10,2,8,189.97,200.0,10.030000000000001,30-45
1022400153|1611661325,2024,15.690000000000001,9,1,8,193.38,200.0,6.6200000000000045,15-30
1022400160|1611661325,2024,0.0,9,0,9,213.79666666666668,197.43333333333334,-16.363333333333344,none
1022400173|1611661325,2024,24.296666666666667,11,3,8,199.2266666666667,183.81666666666666,-15.410000000000025,15-30
1022400176|1611661325,2024,24.296666666666667,12,3,9,220.42333333333332,200.0,-20.423333333333318,15-30
1022400180|1611661325,2024,47.723333333333336,12,4,8,191.75666666666666,200.0,8.24333333333334,45+
1022400185|1611661325,2024,23.42666666666667,12,1,11,214.55,199.99999999999997,-14.55000000000004,15-30
1022400192|1611661325,2024,16.45,12,3,9,215.50666666666666,200.0,-15.50666666666666,15-30
1022400199|1611661325,2024,32.06666666666666,12,4,8,195.10666666666665,200.0,4.893333333333345,30-45
1022400204|1611661325,2024,16.45,12,3,9,208.44666666666666,200.00000000000003,-8.44666666666663,15-30
1022400208|1611661325,2024,16.45,12,3,9,208.61333333333334,225.0,16.386666666666656,15-30
1022400215|1611661325,2024,8.243333333333334,12,2,10,212.67,200.0,-12.669999999999987,0-15
1022400220|1611661325,2024,13.45,10,2,8,199.76333333333332,200.0,0.2366666666666788,0-15
1022400224|1611661325,2024,5.3966666666666665,10,1,9,207.20666666666668,200.03333333333333,-7.173333333333346,0-15
1022400237|1611661325,2024,0.0,10,0,10,213.06333333333333,183.18333333333334,-29.879999999999995,none
1022400006|1611661320,2024,0.0,0,0,0,0.0,0.0,0.0,none
1022400011|1611661320,2024,0.0,0,0,0,0.0,0.0,0.0,none
1022400019|1611661320,2024,0.0,0,0,0,0.0,0.0,0.0,none
1022400024|1611661320,2024,0.0,0,0,0,0.0,0.0,0.0,none
1022400031|1611661320,2024,0.0,10,0,10,199.15555555555554,197.35,-1.805555555555543,none
1022400033|1611661320,2024,22.7,10,1,9,176.66666666666669,187.7,11.033333333333303,15-30
1022400039|1611661320,2024,22.7,10,1,9,179.31333333333333,193.65,14.336666666666673,15-30
1022400048|1611661320,2024,22.7,11,1,10,189.24666666666667,200.0,10.75333333333333,15-30
1022400053|1611661320,2024,0.0,11,0,11,215.30916666666667,199.99999999999997,-15.309166666666698,none
1022400058|1611661320,2024,0.0,11,0,11,214.53666666666666,199.99999999999997,-14.53666666666669,none
1022400065|1611661320,2024,10.48,11,1,10,201.63,200.00000000000003,-1.629999999999967,0-15
1022400069|1611661320,2024,0.0,11,0,11,211.64999999999998,200.0,-11.649999999999977,none
1022400075|1611661320,2024,7.923333333333334,11,1,10,198.7,200.0,1.3000000000000114,0-15
1022400080|1611661320,2024,7.923333333333334,11,1,10,196.95000000000002,200.0,3.049999999999983,0-15
1022400082|1611661320,2024,0.0,11,0,11,206.53,200.0,-6.530000000000001,none
1022400088|1611661320,2024,22.666666666666668,11,1,10,183.78333333333333,199.99999999999997,16.21666666666664,15-30
1022400092|1611661320,2024,45.2,11,2,9,163.50666666666666,197.11666666666667,33.610000000000014,45+
1022400103|1611661320,2024,56.483333333333334,11,3,8,157.41666666666669,198.58333333333331,41.16666666666663,45+
1022400114|1611661320,2024,45.2,11,2,9,176.90333333333334,200.00000000000003,23.096666666666692,45+
1022400119|1611661320,2024,45.2,11,2,9,186.95666666666665,225.00000000000003,38.04333333333338,45+
1022400126|1611661320,2024,22.53333333333333,10,1,9,194.92000000000002,168.18333333333334,-26.73666666666668,15-30
1022400127|1611661320,2024,32.736666666666665,9,1,8,172.20333333333332,168.41666666666669,-3.7866666666666333,30-45
1022400138|1611661320,2024,11.703333333333335,9,1,8,193.28666666666666,162.06666666666666,-31.22,0-15
1022400144|1611661320,2024,50.18,9,3,6,151.26666666666668,160.41666666666666,9.149999999999977,45+
1022400151|1611661320,2024,56.39333333333333,11,2,9,184.29666666666668,200.00000000000003,15.703333333333347,45+
1022400157|1611661320,2024,54.66333333333333,11,3,8,187.21583333333334,183.95,-3.2658333333333474,45+
1022400159|1611661320,2024,45.849999999999994,11,2,9,191.71666666666667,184.46666666666667,-7.25,45+
1022400162|1611661320,2024,56.65,11,3,8,180.89,183.81666666666666,2.9266666666666765,45+
1022400170|1611661320,2024,45.849999999999994,12,2,10,221.41666666666666,200.0,-21.416666666666657,45+
1022400175|1611661320,2024,27.796666666666667,11,2,9,206.76666666666665,200.01666666666668,-6.749999999999972,15-30
1022400182|1611661320,2024,10.533333333333335,10,1,9,203.20666666666668,200.0,-3.2066666666666777,0-15
1022400193|1611661320,2024,0.0,10,0,10,208.8433333333333,196.68333333333337,-12.15999999999994,none
1022400199|1611661320,2024,23.873333333333335,11,2,9,209.43,200.0,-9.430000000000007,15-30
1022400205|1611661320,2024,18.636666666666663,11,1,10,210.26333333333332,200.0,-10.263333333333321,15-30
1022400211|1611661320,2024,26.566666666666663,11,2,9,198.58666666666667,200.0,1.413333333333327,15-30
1022400214|1611661320,2024,18.636666666666663,11,1,10,205.63,200.0,-5.6299999999999955,15-30
1022400217|1611661320,2024,26.62333333333333,11,2,9,196.14666666666668,200.0,3.8533333333333246,15-30
1022400229|1611661320,2024,18.636666666666663,11,1,10,201.53666666666666,200.0,-1.5366666666666617,15-30
1022400233|1611661320,2024,0.0,10,0,10,201.52,200.00000000000003,-1.5199999999999818,none
1022400238|1611661320,2024,0.0,10,0,10,202.53,200.0,-2.530000000000001,none
1022400005|1611661321,2024,0.0,0,0,0,0.0,0.0,0.0,none
1022400012|1611661321,2024,0.0,0,0,0,0.0,0.0,0.0,none
1022400017|1611661321,2024,0.0,0,0,0,0.0,0.0,0.0,none
1022400029|1611661321,2024,0.0,0,0,0,0.0,0.0,0.0,none
1022400031|1611661321,2024,3.238888888888889,8,1,7,161.12222222222223,164.34999999999997,3.2277777777777317,0-15
1022400041|1611661321,2024,0.0,9,0,9,193.98194444444445,200.00000000000003,6.018055555555577,none
1022400047|1611661321,2024,0.0,9,0,9,195.66166666666666,200.0,4.338333333333338,none
1022400052|1611661321,2024,0.0,9,0,9,201.14666666666668,199.99999999999997,-1.1466666666667038,none
1022400058|1611661321,2024,1.3766666666666667,9,1,8,199.13333333333333,200.0,0.8666666666666742,0-15
1022400063|1611661321,2024,1.3766666666666667,9,1,8,199.09666666666666,250.0,50.903333333333336,0-15
1022400072|1611661321,2024,0.0,9,0,9,200.6966666666667,200.0,-0.6966666666666868,none
1022400076|1611661321,2024,0.0,9,0,9,210.52333333333334,200.03333333333333,-10.490000000000009,none
1022400081|1611661321,2024,40.19,9,1,8,170.30333333333334,200.0,29.69666666666666,30-45
1022400087|1611661321,2024,52.82666666666666,9,2,7,158.51666666666668,170.36666666666667,11.849999999999994,45+
1022400091|1611661321,2024,39.71666666666666,9,1,8,177.99999999999997,168.05,-9.94999999999996,30-45
1022400095|1611661321,2024,46.65666666666666,9,2,7,174.10333333333335,166.26666666666665,-7.8366666666667015,45+
1022400098|1611661321,2024,56.29666666666666,11,3,8,195.85555555555555,174.0,-21.855555555555554,45+
1022400105|1611661321,2024,49.35666666666666,11,2,9,202.41083333333333,175.48333333333335,-26.92749999999998,45+
1022400110|1611661321,2024,9.639999999999999,10,1,9,201.93333333333334,170.41666666666666,-31.51666666666668,0-15
1022400115|1611661321,2024,16.96,10,2,8,184.96666666666664,162.13333333333333,-22.833333333333314,15-30
1022400118|1611661321,2024,16.96,11,2,9,205.03,200.01666666666665,-5.01333333333335,15-30
1022400124|1611661321,2024,6.386666666666667,10,1,9,204.53166666666667,200.0,-4.531666666666666,0-15
1022400132|1611661321,2024,0.0,10,0,10,207.11,200.0,-7.110000000000014,none
1022400138|1611661321,2024,9.14,10,2,8,193.64666666666665,200.0,6.353333333333353,0-15
1022400148|1611661321,2024,9.14,10,2,8,194.61,200.0,5.389999999999986,0-15
1022400154|1611661321,2024,49.34,10,2,8,157.49666666666667,155.6,-1.8966666666666754,45+
1022400163|1611661321,2024,49.34,10,2,8,157.74666666666667,147.65,-10.096666666666664,45+
1022400167|1611661321,2024,56.096666666666664,11,4,7,190.52666666666664,152.86666666666667,-37.65999999999997,45+
1022400175|1611661321,2024,52.54333333333334,12,3,9,199.33777777777777,164.26666666666665,-35.07111111111112,45+
1022400179|1611661321,2024,56.0,13,4,9,224.65027777777777,200.0,-24.650277777777774,45+
1022400186|1611661321,2024,3.456666666666666,11,1,10,218.76333333333335,200.01666666666665,-18.746666666666698,0-15
1022400192|1611661321,2024,11.239999999999998,11,3,8,199.53,200.0,0.46999999999999886,0-15
1022400196|1611661321,2024,11.239999999999998,11,3,8,193.51666666666665,200.0,6.4833333333333485,0-15
1022400202|1611661321,2024,5.046666666666666,11,2,9,200.89666666666668,224.98333333333332,24.086666666666645,0-15
1022400210|1611661321,2024,0.0,10,0,10,203.53666666666666,200.0,-3.5366666666666617,none
1022400213|1611661321,2024,0.0,10,0,10,210.19333333333336,200.0,-10.193333333333356,none
1022400218|1611661321,2024,0.0,10,0,10,208.19,200.0,-8.189999999999998,none
1022400221|1611661321,2024,35.166666666666664,10,2,8,171.42333333333335,200.0,28.576666666666654,30-45
1022400224|1611661321,2024,0.0,10,0,10,209.77333333333334,200.03333333333333,-9.740000000000009,none
1022400239|1611661321,2024,66.22666666666666,10,2,8,146.24333333333334,200.0,53.75666666666666,45+
1022400004|1611661324,2024,0.0,0,0,0,0.0,0.0,0.0,none
1022400009|1611661324,2024,0.0,0,0,0,0.0,0.0,0.0,none
1022400021|1611661324,2024,0.0,0,0,0,0.0,0.0,0.0,none
1022400025|1611661324,2024,0.0,0,0,0,0.0,0.0,0.0,none
1022400030|1611661324,2024,7.95,8,1,7,196.26666666666665,183.13333333333333,-13.133333333333326,0-15
1022400037|1611661324,2024,7.95,8,1,7,190.81666666666666,185.36666666666667,-5.449999999999989,0-15
1022400043|1611661324,2024,0.0,8,0,8,197.23,172.8,-24.42999999999998,none
1022400047|1611661324,2024,0.0,11,0,11,221.68333333333334,200.00000000000003,-21.68333333333331,none
1022400053|1611661324,2024,0.0,11,0,11,212.99833333333336,200.00000000000003,-12.998333333333335,none
1022400059|1611661324,2024,2.6833333333333336,11,1,10,203.4766666666667,200.00000000000003,-3.4766666666666595,0-15
1022400064|1611661324,2024,0.0,11,0,11,203.66,199.99999999999997,-3.660000000000025,none
1022400068|1611661324,2024,0.0,11,0,11,201.64000000000001,200.00000000000003,-1.6399999999999864,none
1022400075|1611661324,2024,8.403333333333332,11,2,9,192.49666666666667,200.0,7.50333333333333,0-15
1022400081|1611661324,2024,44.04,11,3,8,159.75666666666666,200.0,40.24333333333334,30-45
1022400085|1611661324,2024,2.396666666666667,11,1,10,199.79666666666668,200.0,0.20333333333331893,0-15
1022400093|1611661324,2024,0.0,11,0,11,210.90333333333334,200.00000000000003,-10.903333333333308,none
1022400098|1611661324,2024,6.363333333333334,11,2,9,204.22666666666666,197.01666666666668,-7.2099999999999795,0-15
1022400107|1611661324,2024,13.653333333333336,12,3,9,211.85333333333332,200.0,-11.853333333333325,0-15
1022400111|1611661324,2024,0.0,12,0,12,222.08916666666667,200.00000000000003,-22.089166666666642,none
1022400116|1611661324,2024,5.556666666666667,12,2,10,215.16666666666666,200.01666666666668,-15.149999999999977,0-15
1022400122|1611661324,2024,41.37,12,2,10,168.8,200.01666666666668,31.21666666666667,30-45
1022400127|1611661324,2024,41.37,12,2,10,167.69333333333333,199.99999999999997,32.30666666666664,30-45
1022400136|1611661324,2024,41.37,12,2,10,173.5,200.0,26.5,30-45
1022400142|1611661324,2024,57.14666666666666,12,4,8,165.34,200.0,34.66,45+
1022400147|1611661324,2024,48.42333333333333,12,3,9,176.35666666666665,200.0,23.643333333333345,45+
1022400150|1611661324,2024,12.493333333333332,10,2,8,181.93333333333334,169.73333333333335,-12.199999999999989,0-15
1022400155|1611661324,2024,0.0,11,0,11,236.83666666666667,194.7833333333334,-42.053333333333285,none
1022400166|1611661324,2024,18.323333333333334,12,3,9,219.70000000000002,186.31666666666663,-33.38333333333338,15-30
1022400171|1611661324,2024,18.323333333333334,12,3,9,214.52,196.56666666666666,-17.953333333333347,15-30
1022400173|1611661324,2024,18.323333333333334,12,3,9,209.88333333333333,180.04999999999998,-29.833333333333343,15-30
1022400183|1611661324,2024,10.416666666666668,13,2,11,221.94,200.0,-21.939999999999998,0-15
1022400186|1611661324,2024,10.416666666666668,13,2,11,212.22333333333333,200.05,-12.173333333333318,0-15
1022400191|1611661324,2024,42.47666666666667,11,3,8,166.29333333333332,200.01666666666665,33.72333333333333,30-45
1022400204|1611661324,2024,17.733333333333334,11,2,9,192.90333333333334,200.0,7.096666666666664,15-30
1022400207|1611661324,2024,17.733333333333334,11,2,9,196.89666666666668,200.0,3.1033333333333246,15-30
1022400212|1611661324,2024,23.82,11,2,9,194.11333333333334,200.00000000000003,5.8866666666666845,15-30
1022400222|1611661324,2024,7.656666666666666,11,1,10,209.27666666666667,199.99999999999997,-9.2766666666667,0-15
1022400225|1611661324,2024,0.0,11,0,11,216.93,199.99999999999997,-16.930000000000035,none
1022400230|1611661324,2024,26.58666666666667,11,3,8,189.72333333333333,200.0,10.27666666666667,15-30
1022400238|1611661324,2024,80.80000000000001,11,3,8,138.22666666666666,191.43333333333334,53.20666666666668,45+
1022400001|1611661322,2024,0.0,0,0,0,0.0,0.0,0.0,none
1022400008|1611661322,2024,0.0,0,0,0,0.0,0.0,0.0,none
1022400014|1611661322,2024,0.0,0,0,0,0.0,0.0,0.0,none
1022400019|1611661322,2024,0.0,0,0,0,0.0,0.0,0.0,none
1022400023|1611661322,2024,0.0,8,0,8,172.75,172.68333333333334,-0.06666666666666288,none
1022400028|1611661322,2024,19.95,9,1,8,174.22916666666666,167.15,-7.0791666666666515,15-30
1022400036|1611661322,2024,7.876666666666667,9,1,8,185.99333333333334,187.68333333333334,1.6899999999999977,0-15
1022400042|1611661322,2024,0.0,10,0,10,205.6625,199.98333333333335,-5.679166666666646,none
1022400049|1611661322,2024,20.693333333333335,10,1,9,186.27916666666667,196.18333333333334,9.904166666666669,15-30
1022400054|1611661322,2024,30.533333333333335,10,2,8,172.58666666666667,190.73333333333335,18.146666666666675,30-45
1022400056|1611661322,2024,20.693333333333335,11,1,10,194.65666666666667,200.0,5.343333333333334,15-30
1022400062|1611661322,2024,28.913333333333334,11,2,9,189.9375,200.0,10.0625,15-30
1022400067|1611661322,2024,20.693333333333335,11,1,10,199.35,185.5333333333333,-13.816666666666691,15-30
1022400074|1611661322,2024,7.44,10,1,9,194.6,200.0,5.400000000000006,0-15
1022400084|1611661322,2024,7.44,10,1,9,194.76,200.01666666666668,5.256666666666689,0-15
1022400091|1611661322,2024,28.913333333333334,10,1,9,173.71666666666667,200.0,26.28333333333333,15-30
1022400095|1611661322,2024,28.913333333333334,10,1,9,174.72666666666666,200.0,25.27333333333334,15-30
1022400099|1611661322,2024,58.06333333333333,10,2,8,150.98333333333335,225.0,74.01666666666665,45+
1022400104|1611661322,2024,29.15,10,1,9,184.23333333333332,200.0,15.76666666666668,15-30
1022400114|1611661322,2024,29.15,10,1,9,197.96666666666667,200.0,2.0333333333333314,15-30
1022400117|1611661322,2024,60.42666666666666,10,2,8,171.52666666666667,192.43333333333334,20.906666666666666,45+
1022400122|1611661322,2024,46.656666666666666,10,2,8,190.51666666666665,200.0,9.483333333333348,45+
1022400129|1611661322,2024,0.0,9,0,9,212.48,200.0,-12.47999999999999,none
1022400140|1611661322,2024,0.0,9,0,9,218.31,199.6,-18.710000000000008,none
1022400143|1611661322,2024,13.99,9,1,8,194.99333333333334,200.0,5.006666666666661,0-15
1022400150|1611661322,2024,27.213333333333335,9,2,7,180.02333333333334,129.05,-50.97333333333333,15-30
1022400155|1611661322,2024,13.99,12,1,11,264.42,200.0,-64.42000000000002,0-15
1022400164|1611661322,2024,68.90666666666667,12,3,9,202.15583333333333,200.0,-2.1558333333333337,45+
1022400170|1611661322,2024,68.90666666666667,12,3,9,197.39666666666668,195.33333333333334,-2.0633333333333326,45+
1022400178|1611661322,2024,54.91666666666667,11,2,9,189.82666666666665,200.00000000000003,10.173333333333375,45+
1022400181|1611661322,2024,46.06999999999999,11,2,9,198.68,183.5,-15.180000000000007,45+
1022400189|1611661322,2024,46.06999999999999,11,2,9,191.59,181.8,-9.789999999999992,45+
1022400196|1611661322,2024,29.403333333333332,11,2,9,194.12666666666667,184.9,-9.22666666666666,15-30
1022400201|1611661322,2024,21.95,12,1,11,206.68666666666667,200.0,-6.686666666666667,15-30
1022400207|1611661322,2024,6.11,12,1,11,219.28666666666666,200.00000000000003,-19.286666666666633,0-15
1022400216|1611661322,2024,20.306666666666665,12,1,11,199.36,200.0,0.6399999999999864,15-30
1022400219|1611661322,2024,28.116666666666664,12,2,10,193.81333333333333,200.00000000000003,6.186666666666696,15-30
1022400226|1611661322,2024,51.236666666666665,12,3,9,170.16666666666666,225.0,54.83333333333334,45+
1022400231|1611661322,2024,43.42666666666666,12,2,10,181.67,200.0,18.330000000000013,30-45
1022400237|1611661322,2024,43.42666666666666,12,2,10,189.42333333333332,200.0,10.576666666666682,30-45
1022400005|1611661329,2024,0.0,0,0,0,0.0,0.0,0.0,none
1022400012|1611661329,2024,0.0,0,0,0,0.0,0.0,0.0,none
1022400022|1611661329,2024,0.0,0,0,0,0.0,0.0,0.0,none
1022400026|1611661329,2024,0.0,0,0,0,0.0,0.0,0.0,none
1022400034|1611661329,2024,0.0,8,0,8,185.0388888888889,165.16666666666669,-19.872222222222206,none
1022400039|1611661329,2024,0.0,9,0,9,204.11388888888888,186.36666666666667,-17.747222222222206,none
1022400044|1611661329,2024,30.920833333333334,9,2,7,170.53,171.4333333333333,0.9033333333333076,30-45
1022400050|1611661329,2024,23.770000000000003,9,2,7,175.4675,172.33333333333331,-3.1341666666666868,15-30
1022400054|1611661329,2024,0.0,10,0,10,213.3011111111111,177.88333333333333,-35.417777777777786,none
1022400061|1611661329,2024,29.28,10,1,9,182.65666666666667,174.98333333333335,-7.673333333333318,15-30
1022400070|1611661329,2024,33.013333333333335,12,2,10,189.98999999999998,200.01666666666668,10.0266666666667,30-45
1022400074|1611661329,2024,33.013333333333335,12,2,10,190.67166666666665,200.0,9.328333333333347,30-45
1022400079|1611661329,2024,38.39666666666667,12,3,9,189.52,200.0,10.47999999999999,30-45
1022400087|1611661329,2024,33.013333333333335,12,2,10,195.41333333333333,200.00000000000003,4.5866666666667015,30-45
1022400096|1611661329,2024,9.383333333333333,11,2,9,192.12333333333333,200.0,7.876666666666665,0-15
1022400100|1611661329,2024,0.0,10,0,10,198.43333333333334,198.56666666666666,0.13333333333332575,none
1022400107|1611661329,2024,13.954166666666666,11,3,8,191.25,200.0,8.75,0-15
1022400112|1611661329,2024,13.954166666666666,11,3,8,190.36,200.0,9.639999999999986,0-15
1022400120|1611661329,2024,10.874166666666666,11,2,9,196.56333333333333,200.0,3.4366666666666674,0-15
1022400125|1611661329,2024,14.554166666666665,11,3,8,193.65333333333334,200.0,6.346666666666664,0-15
1022400130|1611661329,2024,3.7041666666666666,11,1,10,207.01666666666668,200.00000000000003,-7.0166666666666515,0-15
1022400133|1611661329,2024,0.0,10,0,10,208.02333333333334,200.0,-8.02333333333334,none
1022400137|1611661329,2024,4.873333333333333,10,1,9,204.29666666666668,199.99999999999997,-4.2966666666667095,0-15
1022400146|1611661329,2024,17.976666666666667,10,2,8,187.82333333333332,200.0,12.176666666666677,15-30
1022400149|1611661329,2024,63.81666666666666,10,2,8,145.22,160.75,15.530000000000001,45+
1022400157|1611661329,2024,37.54,10,2,8,168.74333333333334,169.3,0.556666666666672,30-45
1022400161|1611661329,2024,33.31666666666666,10,1,9,175.1,170.45,-4.650000000000006,30-45
1022400169|1611661329,2024,37.839999999999996,11,2,9,189.81666666666666,196.55,6.7333333333333485,30-45
1022400174|1611661329,2024,37.839999999999996,12,2,10,201.01666666666665,200.0,-1.0166666666666515,30-45
1022400181|1611661329,2024,23.55666666666667,11,1,10,180.44333333333333,200.0,19.556666666666672,15-30
1022400185|1611661329,2024,23.55666666666667,11,1,10,182.88333333333333,200.0,17.116666666666674,15-30
1022400191|1611661329,2024,28.200000000000003,11,2,9,180.23000000000002,199.99999999999997,19.769999999999953,15-30
1022400197|1611661329,2024,23.55666666666667,11,1,10,185.17333333333335,200.0,14.826666666666654,15-30
1022400205|1611661329,2024,14.780000000000001,11,1,10,199.94,200.0,0.060000000000002274,0-15
1022400210|1611661329,2024,45.25,11,2,9,173.67000000000002,200.0,26.329999999999984,45+
1022400216|1611661329,2024,49.33,11,2,9,174.34666666666666,194.01666666666665,19.669999999999987,45+
1022400222|1611661329,2024,49.33,11,2,9,184.65666666666667,198.23333333333332,13.576666666666654,45+
1022400227|1611661329,2024,58.17,11,3,8,175.32,200.0,24.680000000000007,45+
1022400232|1611661329,2024,110.57333333333334,11,4,7,122.21333333333334,186.85000000000002,64.63666666666668,45+
1022400235|1611661329,2024,76.02000000000001,10,3,7,135.22666666666666,169.38333333333333,34.156666666666666,45+
