response,window,base,arm,candidate,is_negative_control,n,n_folds,n_blocks,signed_dr2,beta,rmse_base,rmse_aug,sst,vs_floor_single,vs_floor_132,vs_largest_live
y_ppm,CLEAN_2023_24,B0_COMPLETE,UNFROZEN,A10_opp_defrtg,False,3167,2,24,0.010337911204223043,0.003559308713243928,0.19384510459728388,0.19248588896102328,160.86559838272288,10.135207062963767,4.3991111507332095,5.025722510560547
y_ppm,CLEAN_2023_24,B0_COMPLETE,UNFROZEN,G01_noise,True,3167,2,24,0.00022961350166577247,-0.0030856252088071368,0.19384510459728388,0.19381501880813745,160.86559838272288,0.22511127614291418,0.09770787304926487,0.11162542618656902
y_ppm,CLEAN_2023_24,B0_COMPLETE,FROZEN,A10_opp_defrtg,False,3167,2,24,0.01016239402745404,0.0035503548768532098,0.19384510459728388,0.1925090458239146,160.86559838272288,9.963131399464745,4.324422990405974,4.940395735271776
y_ppm,CLEAN_2023_24,B0_COMPLETE,FROZEN,G01_noise,True,3167,2,24,0.0002662110951091553,-0.0030778493080973104,0.19384510459728388,0.19381022306853932,160.86559838272288,0.2609912697148581,0.11328131706772565,0.1294171585362933
y_ppm,CLEAN_2023_24,B0_COMPLETE,INTERCEPT_ONLY,A10_opp_defrtg,False,3167,2,24,3.030059388905238e-14,4.1853801341092295e-15,0.19384510459728388,0.1938451045972799,160.86559838272288,2.9706464597110175e-11,1.289386974002229e-11,1.473047831261662e-11
y_ppm,CLEAN_2023_24,B1_HONEST,UNFROZEN,A10_opp_defrtg,False,3167,2,24,0.009397775953178707,0.003151741128828335,0.1936299176924759,0.19239332479399376,160.86559838272288,9.21350583644971,3.9990535970973218,4.568680580057709
y_ppm,CLEAN_2023_24,B1_HONEST,UNFROZEN,G01_noise,True,3167,2,24,0.00019977741018620607,-0.003129386442814217,0.1936299176924759,0.19360371243526525,160.86559838272288,0.1958602060649079,0.08501166390902386,0.09712076333797087
y_ppm,CLEAN_2023_24,B1_HONEST,FROZEN,A10_opp_defrtg,False,3167,2,24,0.008907938473175054,0.0030195180959418895,0.1936299176924759,0.19245797563357803,160.86559838272288,8.733273012916719,3.7906121162447035,4.330548601446307
y_ppm,CLEAN_2023_24,B1_HONEST,FROZEN,G01_noise,True,3167,2,24,0.0002327760544120018,-0.003121100549566749,0.1936299176924759,0.1935993835867216,160.86559838272288,0.22821181805098215,0.09905364017531991,0.11316288498395811
y_ppm,CLEAN_2023_24,B1_HONEST,INTERCEPT_ONLY,A10_opp_defrtg,False,3167,2,24,1.784466462270723e-14,-2.5957143806323704e-13,0.1936299176924759,0.19362991769247356,160.86559838272288,1.7494769237948264e-11,7.593474307534992e-12,8.675092184106579e-12
y_ppm,CLEAN_2023_24,B2_FAMILY,UNFROZEN,A10_opp_defrtg,False,3167,2,24,0.004424266311780921,0.003568710921788085,0.192932194696437,0.19234891257768766,160.86559838272288,4.337515991942079,1.8826665156514557,2.1508343761696262
y_ppm,CLEAN_2023_24,B2_FAMILY,UNFROZEN,G01_noise,True,3167,2,24,0.00016873524060490082,-0.0030264901749130733,0.192932194696437,0.1929099814920757,160.86559838272288,0.16542670647539295,0.07180223004463865,0.08202977180597999
y_ppm,CLEAN_2023_24,B2_FAMILY,FROZEN,A10_opp_defrtg,False,3167,2,24,0.0027034564606610604,0.0011518390779436984,0.192932194696437,0.1925759889730833,160.86559838272288,2.65044751045202,1.1504070045366215,1.3142714927861257
y_ppm,CLEAN_2023_24,B2_FAMILY,FROZEN,G01_noise,True,3167,2,24,0.00020377206495858708,-0.0030178859231657276,0.192932194696437,0.19290536873749636,160.86559838272288,0.19977653427312458,0.08671151700365408,0.09906274426766509
y_ppm,CLEAN_2023_24,B2_FAMILY,INTERCEPT_ONLY,A10_opp_defrtg,False,3167,2,24,1.2394091319632795e-13,-2.6752770567415785e-13,0.192932194696437,0.19293219469642067,160.86559838272288,1.215106992120862e-10,5.2740814126097e-11,6.025323927872045e-11
y_ppm,DISCLOSED_2022,B0_COMPLETE,UNFROZEN,A10_opp_defrtg,False,1350,1,12,0.00684532444806086,0.00301608920329894,0.19447476623654353,0.19361786678086898,65.5850716039414,6.711102400059666,2.9129040204514296,3.3278193719304134
y_ppm,DISCLOSED_2022,B0_COMPLETE,UNFROZEN,G01_noise,True,1350,1,12,-0.000622975207458443,-0.00723217725348184,0.19447476623654353,0.19455256306280158,65.5850716039414,-0.610760007312199,-0.26509583296103956,-0.3028562019729913
y_ppm,DISCLOSED_2022,B0_COMPLETE,FROZEN,A10_opp_defrtg,False,1350,1,12,0.00644388865480055,0.0029964833074003056,0.19447476623654353,0.19366822326758396,65.5850716039414,6.317537896863284,2.742080278638532,3.132663419932207
y_ppm,DISCLOSED_2022,B0_COMPLETE,FROZEN,G01_noise,True,1350,1,12,-0.001142568250865458,-0.007201080078078279,0.19447476623654353,0.19461742579142485,65.5850716039414,-1.1201649518288803,-0.48619925568742894,-0.5554536951217589
y_ppm,DISCLOSED_2022,B0_COMPLETE,INTERCEPT_ONLY,A10_opp_defrtg,False,1350,1,12,-1.2242317828935044e-13,-1.4653003915960593e-13,0.19447476623654353,0.19447476623655882,65.5850716039414,-1.2002272381308865e-10,-5.2094969484829973e-11,-5.951540023789522e-11
y_ppm,DISCLOSED_2022,B1_HONEST,UNFROZEN,A10_opp_defrtg,False,1350,1,12,0.004449255574283825,0.0024551096320468316,0.193961314960573,0.19340330927354327,65.5850716039414,4.362015268905711,1.8933002443760958,2.1629827779697743
y_ppm,DISCLOSED_2022,B1_HONEST,UNFROZEN,G01_noise,True,1350,1,12,-0.000583641661259872,-0.007222040429603212,0.193961314960573,0.19403439362326785,65.5850716039414,-0.5721977071175216,-0.2483581537276051,-0.28373440022356444
y_ppm,DISCLOSED_2022,B1_HONEST,FROZEN,A10_opp_defrtg,False,1350,1,12,0.004023645699561088,0.0023427274748437196,0.193961314960573,0.19345675697369513,65.5850716039414,3.9447506858442036,1.712189659387697,1.9560747202533244
y_ppm,DISCLOSED_2022,B1_HONEST,FROZEN,G01_noise,True,1350,1,12,-0.0010889078725928242,-0.0071901322510340634,0.193961314960573,0.19409763655603235,65.5850716039414,-1.0675567378361022,-0.46336505216715923,-0.5293669774393895
y_ppm,DISCLOSED_2022,B1_HONEST,INTERCEPT_ONLY,A10_opp_defrtg,False,1350,1,12,-1.6402539108856332e-13,-2.0313201332457418e-13,0.193961314960573,0.19396131496059352,65.5850716039414,-1.6080920694957186e-10,-6.979803876109077e-11,-7.974010261962243e-11
y_ppm,DISCLOSED_2022,B2_FAMILY,UNFROZEN,A10_opp_defrtg,False,1350,1,12,0.0030333308462666044,0.002820191137762073,0.19402964248431856,0.19364952438715058,65.5850716039414,2.9738537708496118,1.290779083517704,1.4746382334791466
y_ppm,DISCLOSED_2022,B2_FAMILY,UNFROZEN,G01_noise,True,1350,1,12,-0.0006817295017383409,-0.00732187541542777,0.19402964248431856,0.19411497012831197,65.5850716039414,-0.6683622566062165,-0.2900976603141876,-0.3314193007964711
y_ppm,DISCLOSED_2022,B2_FAMILY,FROZEN,A10_opp_defrtg,False,1350,1,12,0.0013009297728737445,0.0006749000464408684,0.19402964248431856,0.19386670935960523,65.5850716039414,1.2754213459546515,0.5535871373930827,0.6324403368370174
y_ppm,DISCLOSED_2022,B2_FAMILY,FROZEN,G01_noise,True,1350,1,12,-0.0012463012193241745,-0.007287796992777225,0.19402964248431856,0.1941856055126208,65.5850716039414,-1.2218639405138965,-0.5303409443932657,-0.6058829457093703
y_ppm,DISCLOSED_2022,B2_FAMILY,INTERCEPT_ONLY,A10_opp_defrtg,False,1350,1,12,-4.1558877160880374e-13,-6.742760905560387e-13,0.19402964248431856,0.19402964248437057,65.5850716039414,-4.074399721654938e-10,-1.768462857909803e-10,-2.020363498341292e-10
y_pts,CLEAN_2023_24,B0_COMPLETE,UNFROZEN,A10_opp_defrtg,False,3167,2,24,0.005323438214633735,0.06336180528771296,6.4071390309807335,6.382200995030219,189743.2023997474,5.219057073170328,2.265292857290951,2.5879621850431382
y_pts,CLEAN_2023_24,B0_COMPLETE,UNFROZEN,G01_noise,True,3167,2,24,0.00019180915084451004,-0.0811032059203767,6.4071390309807335,6.406242172872867,189743.2023997474,0.1880481871024608,0.081620915252983,0.09324703492684008
y_pts,CLEAN_2023_24,B0_COMPLETE,FROZEN,A10_opp_defrtg,False,3167,2,24,0.00526011956518838,0.06320155033797056,6.4071390309807335,6.382498188471775,189743.2023997474,5.156979965870961,2.2383487511439917,2.557180148365766
y_pts,CLEAN_2023_24,B0_COMPLETE,FROZEN,G01_noise,True,3167,2,24,0.00018641132958989876,-0.08089987922703853,6.4071390309807335,6.406267413634675,189743.2023997474,0.1827562054802929,0.0793239700382548,0.09062291180840971
y_pts,CLEAN_2023_24,B0_COMPLETE,INTERCEPT_ONLY,A10_opp_defrtg,False,3167,2,24,3.566209748549914e-14,2.1384737293076573e-14,6.4071390309807335,6.4071390309805665,189743.2023997474,3.496284067205798e-11,1.5175360632127294e-11,1.7336945787797347e-11
y_pts,CLEAN_2023_24,B1_HONEST,UNFROZEN,A10_opp_defrtg,False,3167,2,24,0.004520751537274385,0.05678709536847733,6.400557914857735,6.379364517368926,189743.2023997474,4.4321093502690045,1.9237240584146318,2.19774017368711
y_pts,CLEAN_2023_24,B1_HONEST,UNFROZEN,G01_noise,True,3167,2,24,0.00018517717305250803,-0.08217126295457086,6.400557914857735,6.3996911781471955,189743.2023997474,0.18154624809069414,0.07879879704362043,0.0900229329375343
y_pts,CLEAN_2023_24,B1_HONEST,FROZEN,A10_opp_defrtg,False,3167,2,24,0.004615680387169523,0.054459716766431326,6.400557914857735,6.378918733712432,189743.2023997474,4.525176850166198,1.9641193136891584,2.243889347189851
y_pts,CLEAN_2023_24,B1_HONEST,FROZEN,G01_noise,True,3167,2,24,0.00017376877033288633,-0.08195521171438185,6.400557914857735,6.399744579490445,189743.2023997474,0.17036153954204541,0.07394415758846226,0.08447679646712997
y_pts,CLEAN_2023_24,B1_HONEST,INTERCEPT_ONLY,A10_opp_defrtg,False,3167,2,24,-6.38850047428404e-14,-7.80747541404804e-12,6.400557914857735,6.400557914858035,189743.2023997474,-6.263235759102e-11,-2.7185108401208678e-11,-3.105736740050579e-11
y_pts,CLEAN_2023_24,B2_FAMILY,UNFROZEN,A10_opp_defrtg,False,3167,2,24,0.0023838285871515623,0.07239380565504978,6.389443632624922,6.3782574867463335,189743.2023997474,2.3370868501485904,1.01439514346875,1.1588860413959954
y_pts,CLEAN_2023_24,B2_FAMILY,UNFROZEN,G01_noise,True,3167,2,24,0.00016848717943850313,-0.08053879453775328,6.389443632624922,6.388653647647531,189743.2023997474,0.16518350925343445,0.0716966721014907,0.0819091781421989
y_pts,CLEAN_2023_24,B2_FAMILY,FROZEN,A10_opp_defrtg,False,3167,2,24,0.0016644462527285642,0.023369556246281068,6.389443632624922,6.381635263228076,189743.2023997474,1.6318100516946707,0.7082750011610911,0.8091620091047955
y_pts,CLEAN_2023_24,B2_FAMILY,FROZEN,G01_noise,True,3167,2,24,0.00015987029220863378,-0.08031107110567562,6.389443632624922,6.388694051972833,189743.2023997474,0.1567355805966998,0.06802991157814203,0.07772012260993379
y_pts,CLEAN_2023_24,B2_FAMILY,INTERCEPT_ONLY,A10_opp_defrtg,False,3167,2,24,9.60959315039364e-14,-8.183105368308275e-12,6.389443632624922,6.389443632624471,189743.2023997474,9.421169755287882e-11,4.089188574635591e-11,4.671654424109694e-11
y_pts,DISCLOSED_2022,B0_COMPLETE,UNFROZEN,A10_opp_defrtg,False,1350,1,12,0.0019012398287275233,0.04030959440878481,6.1923970400978385,6.184513256564768,69285.73037037038,1.8639606163995326,0.8090382249904354,0.9242779916030741
y_pts,DISCLOSED_2022,B0_COMPLETE,UNFROZEN,G01_noise,True,1350,1,12,0.00019115395875293919,-0.12441756348409262,6.1923970400978385,6.191604844694591,69285.73037037038,0.18740584191464624,0.08134211010763369,0.09292851665189071
y_pts,DISCLOSED_2022,B0_COMPLETE,FROZEN,A10_opp_defrtg,False,1350,1,12,0.001866521046367045,0.04004756445593044,6.1923970400978385,6.184657313422654,69285.73037037038,1.829922594477495,0.7942642750498063,0.9073996336252043
y_pts,DISCLOSED_2022,B0_COMPLETE,FROZEN,G01_noise,True,1350,1,12,-1.4194558701758286e-05,-0.12388258837781359,6.1923970400978385,6.19245586227209,69285.73037037038,-0.013916234021331651,-0.006040237745429057,-0.006900611911404126
y_pts,DISCLOSED_2022,B0_COMPLETE,INTERCEPT_ONLY,A10_opp_defrtg,False,1350,1,12,-8.947175492192391e-14,-4.375984388382748e-12,6.1923970400978385,6.19239704009821,69285.73037037038,-8.771740678619991e-11,-3.8073087200818685e-11,-4.349623477001649e-11
y_pts,DISCLOSED_2022,B1_HONEST,UNFROZEN,A10_opp_defrtg,False,1350,1,12,0.0011338566942774744,0.02560771922016415,6.197396181008774,6.192699473227865,69285.73037037038,1.1116242100759552,0.48249221033084017,0.5512186165665894
y_pts,DISCLOSED_2022,B1_HONEST,UNFROZEN,G01_noise,True,1350,1,12,0.00019502689440153867,-0.12513261432478157,6.197396181008774,6.196588586089595,69285.73037037038,0.1912028376485673,0.08299016783044198,0.09481132445383504
y_pts,DISCLOSED_2022,B1_HONEST,FROZEN,A10_opp_defrtg,False,1350,1,12,0.0009240642155577086,0.024435530944417506,6.197396181008774,6.193568752781467,69285.73037037038,0.9059453093703025,0.3932188151309398,0.4492290790265963
y_pts,DISCLOSED_2022,B1_HONEST,FROZEN,G01_noise,True,1350,1,12,-7.532121722586575e-07,-0.1245797575747194,6.197396181008774,6.197399299812148,69285.73037037038,-0.0007384433061359387,-0.00032051581798240745,-0.000366170234447573
y_pts,DISCLOSED_2022,B1_HONEST,INTERCEPT_ONLY,A10_opp_defrtg,False,1350,1,12,-1.1677534210467064e-13,-5.695516338447686e-12,6.197396181008774,6.197396181009257,69285.73037037038,-1.1448562951438296e-10,-4.9691634938157714e-11,-5.67697336434957e-11
y_pts,DISCLOSED_2022,B2_FAMILY,UNFROZEN,A10_opp_defrtg,False,1350,1,12,0.0007193362075515039,0.03021725899974476,6.198159992714589,6.195181109008802,69285.73037037038,0.705231576030886,0.3061005138517038,0.3497016079491998
y_pts,DISCLOSED_2022,B2_FAMILY,UNFROZEN,G01_noise,True,1350,1,12,0.00018886939753093125,-0.12579597666934336,6.198159992714589,6.1973779936288755,69285.73037037038,0.1851660760107169,0.08036995639614096,0.09181788893093401
y_pts,DISCLOSED_2022,B2_FAMILY,FROZEN,A10_opp_defrtg,False,1350,1,12,0.00032104596129273487,0.007231293378218427,6.198159992714589,6.196830668126086,69285.73037037038,0.3147509424438577,0.1366153026777595,0.15607484749282202
y_pts,DISCLOSED_2022,B2_FAMILY,FROZEN,G01_noise,True,1350,1,12,-2.7860526394264506e-05,-0.1252104807112771,6.198159992714589,6.1982753387121745,69285.73037037038,-0.027314241563004417,-0.011855543146495534,-0.013544252014712935
y_pts,DISCLOSED_2022,B2_FAMILY,INTERCEPT_ONLY,A10_opp_defrtg,False,1350,1,12,-3.63347737124245e-13,-2.0252250472565713e-11,6.198159992714589,6.198159992716094,69285.73037037038,-3.5622327169043625e-10,-1.5461605835074254e-10,-1.766396388547618e-10
