dR2_M,dR2_OxM,target,var
0.00010899491441840325,0.00021738275395855045,pts,own_b2b
1.950600876010622e-05,4.44316560388458e-06,pts,own_b2b
2.5109128831468652e-05,1.769035603815805e-05,pts,own_b2b
5.3928128277980214e-05,9.306020116839342e-06,pts,own_b2b
4.461639721564659e-06,2.6096542732112482e-05,pts,own_b2b
1.8813728765887383e-05,2.205345061412345e-05,pts,own_b2b
0.00040032402719947235,1.4719940566454426e-06,pts,own_b2b
1.0983516141704897e-05,1.1766189564887952e-06,pts,own_b2b
9.82869185872648e-06,1.9852572642475863e-06,pts,own_b2b
7.057845458069423e-06,0.0002574690160623838,pts,own_b2b
0.00011766732815987613,1.6190181761910338e-07,pts,own_b2b
0.0001811896882656372,2.687936661927015e-05,pts,own_b2b
2.412283713104646e-05,4.586536928030682e-09,pts,own_b2b
0.00010371861606761623,2.2716010220413807e-05,pts,own_b2b
5.968307200676648e-07,6.711022556793456e-05,pts,own_b2b
2.107590205557841e-05,0.00019319058237876607,pts,own_b2b
1.0001429972761322e-05,1.1196669414403893e-05,pts,own_b2b
2.718451422989432e-05,2.5874359871780328e-05,pts,own_b2b
5.290965188198271e-08,2.0582403289504114e-06,pts,own_b2b
8.996008101003206e-06,8.29885751740811e-06,pts,own_b2b
1.9979526554969596e-05,9.152108516596869e-05,pts,own_b2b
6.923276468107087e-05,3.3721171808220873e-06,pts,own_b2b
1.9570453668737997e-07,1.8299044756142635e-06,pts,own_b2b
9.973093836634916e-05,5.150657698127503e-07,pts,own_b2b
9.95727698007709e-05,3.4844637949449364e-06,pts,own_b2b
5.883636592374231e-07,3.927026616556972e-06,pts,own_b2b
3.560892214427014e-07,5.7801207502650165e-05,pts,own_b2b
3.202529062706905e-05,0.00010480635041709707,pts,own_b2b
2.922057960652591e-05,5.064132423293621e-06,pts,own_b2b
3.981489555038298e-05,7.294487551334772e-05,pts,own_b2b
9.642738441062448e-08,2.9906677309066154e-06,pts,own_b2b
0.00017876743416689322,8.88696114820231e-06,pts,own_b2b
0.00014745895227930017,7.941611807038562e-05,pts,own_b2b
9.450034354008263e-05,3.491955495871224e-07,pts,own_b2b
0.00016081262535094787,2.4914479523907573e-07,pts,own_b2b
4.0126656876582345e-05,8.021272680047709e-05,pts,own_b2b
0.00011365402700935778,2.5036355214225203e-05,pts,own_b2b
3.756045149827525e-05,1.4725369667956123e-05,pts,own_b2b
4.107398461572487e-06,0.0004763053863741096,pts,own_b2b
1.1785889409754446e-05,0.00011704056263950324,pts,own_b2b
0.0002849617589149034,9.310946440632684e-06,pts,own_b2b
6.064380667836211e-05,6.862931586659737e-05,pts,own_b2b
4.034555223242364e-08,5.7180938550671634e-05,pts,own_b2b
2.0839442760989257e-05,8.264124663481809e-07,pts,own_b2b
0.00020131751236174278,7.37251189586452e-06,pts,own_b2b
4.3384381309685693e-08,0.00024003038489017747,pts,own_b2b
0.0001943093558109954,2.2734431349258344e-05,pts,own_b2b
4.351500208166215e-06,0.00011016352769521731,pts,own_b2b
2.3958409776092537e-06,0.00018887148358293082,pts,own_b2b
8.880024689716937e-05,0.0001666356889679088,pts,own_b2b
6.3712299760432245e-06,3.251120716529776e-06,pts,own_b2b
2.3446411296923486e-06,1.2117106725995086e-05,pts,own_b2b
0.00010574408825936299,5.0651601872564456e-05,pts,own_b2b
4.532464759732235e-06,4.049648290416208e-05,pts,own_b2b
0.00023011116554194633,4.486287552563084e-08,pts,own_b2b
0.00022501292058840772,2.782842166382249e-05,pts,own_b2b
0.00012190854987770283,9.61052958478037e-05,pts,own_b2b
3.375434245989073e-05,1.1308461374981427e-05,pts,own_b2b
0.00024148676793656065,7.543396058906637e-07,pts,own_b2b
8.072916890533577e-09,6.240441799554297e-05,pts,own_b2b
6.158288121427269e-05,0.00014230844751572658,pts,own_b2b
7.789623373721799e-05,0.00034713641903016956,pts,own_b2b
6.186435187938155e-05,6.637752687199683e-05,pts,own_b2b
6.118508886876484e-05,2.9452899641402297e-07,pts,own_b2b
3.1063442648138206e-06,0.00012052496633674359,pts,own_b2b
2.4948454789841534e-06,1.3136472166719315e-06,pts,own_b2b
0.00018994035092223527,6.381360551865889e-06,pts,own_b2b
7.012737585299078e-06,4.4910909080542183e-07,pts,own_b2b
3.3669868798602565e-06,0.0002179205527769179,pts,own_b2b
1.3744007884897158e-05,0.00012673280640707052,pts,own_b2b
4.550979188033821e-05,5.371798515663162e-05,pts,own_b2b
0.00010910831549959532,0.0001261552218569939,pts,own_b2b
6.208827888976032e-05,1.3722920507386327e-05,pts,own_b2b
0.0003557842154087165,1.369021483765831e-05,pts,own_b2b
1.8998070299147685e-06,5.6666029624175e-07,pts,own_b2b
4.987984780568944e-05,6.601803412165097e-06,pts,own_b2b
1.8037622839806033e-07,0.00019108907097131755,pts,own_b2b
0.0001379740480506042,1.5939292435929175e-05,pts,own_b2b
4.879088853526614e-05,1.343351685767491e-05,pts,own_b2b
1.316208841917188e-06,1.7889911504420652e-06,pts,own_b2b
3.5705863897006473e-05,5.259303512961111e-05,pts,own_b2b
8.689433562691917e-07,0.0005067163217578052,pts,own_b2b
0.00016270206325230685,9.45934497620371e-07,pts,own_b2b
2.3047457590741338e-05,7.301594942343836e-05,pts,own_b2b
4.766246463505652e-06,0.00014859929240707004,pts,own_b2b
4.8097333996355296e-05,3.009635584738657e-05,pts,own_b2b
0.00014217023615681335,0.0001188679611648924,pts,own_b2b
4.077132838453679e-05,2.0989724958120348e-08,pts,own_b2b
7.019736025681844e-06,0.0001776922840619477,pts,own_b2b
2.8964210156079417e-05,7.049123644908839e-06,pts,own_b2b
5.002636476958422e-06,2.660930997766542e-08,pts,own_b2b
4.779045267011561e-05,2.8827851405566207e-05,pts,own_b2b
5.7399991721052146e-05,5.587842381671315e-05,pts,own_b2b
0.000136039495452267,5.5051440364550785e-05,pts,own_b2b
0.00014450356466633174,9.642290192957148e-07,pts,own_b2b
1.6506369391877662e-05,1.0926475304873229e-05,pts,own_b2b
5.915567324210613e-06,4.5071304245247745e-05,pts,own_b2b
1.5770844682849727e-05,2.1238831469094777e-06,pts,own_b2b
0.00011156898721809139,2.9676958321345204e-05,pts,own_b2b
1.3331856463238978e-07,0.00012662413796671323,pts,own_b2b
0.00014968894230626972,0.00020802859017521325,pts,own_b2b
1.858936800802624e-05,0.0001584774480071216,pts,own_b2b
0.00013134242452184086,5.027123777923137e-05,pts,own_b2b
6.446912082247458e-05,1.301156365429712e-06,pts,own_b2b
1.4932306639070525e-05,6.399829701975168e-05,pts,own_b2b
6.941009644823026e-08,2.941598073136209e-05,pts,own_b2b
7.812739736245966e-05,1.4320525415500995e-06,pts,own_b2b
4.750839816969332e-05,4.07267521600474e-05,pts,own_b2b
0.000252989224574951,7.49580891692414e-05,pts,own_b2b
6.952817714900306e-06,0.00011281602628143705,pts,own_b2b
7.097512976217413e-05,4.969890094674856e-05,pts,own_b2b
7.879082896222744e-05,4.1435401423206564e-05,pts,own_b2b
2.1738169031504384e-07,5.322354946935004e-05,pts,own_b2b
0.00013011155168574096,1.3927250136047675e-05,pts,own_b2b
3.709314855271373e-09,0.00015613426030669508,pts,own_b2b
2.8204425720157467e-05,7.922311897612389e-07,pts,own_b2b
3.882586960823886e-07,1.7594481891425318e-06,pts,own_b2b
7.237142642402272e-05,3.9266598392040386e-05,pts,own_b2b
7.432811696128638e-07,9.298858480655259e-05,pts,own_b2b
1.4799232738393897e-05,1.7517843396208654e-05,pts,own_b2b
2.2420192867467215e-05,1.9449871561660892e-05,pts,own_b2b
8.00810008875219e-05,6.788066915375257e-05,pts,own_b2b
2.2606800397229065e-06,2.9312050736307604e-05,pts,own_b2b
3.8575090444026294e-05,0.0004983151301174438,pts,own_b2b
5.091309629445817e-07,9.443426135424815e-05,pts,own_b2b
1.1523700866877817e-05,0.0005078518826767686,pts,own_b2b
4.763386043182827e-05,1.0486549397947798e-05,pts,own_b2b
1.9576406073973374e-07,5.1157566179904634e-06,pts,own_b2b
2.5285254670270874e-05,7.208287757465293e-06,pts,own_b2b
2.1225495808852024e-05,0.00038289829114690477,pts,own_b2b
2.4064846713800492e-05,2.0738569218581304e-06,pts,own_b2b
6.016746960657571e-07,8.70286624765626e-07,pts,own_b2b
1.561375529557374e-05,0.00016818204906332568,pts,own_b2b
2.1342871557861187e-05,6.589329707984426e-06,pts,own_b2b
0.00017943626123029244,4.638112258903426e-05,pts,own_b2b
2.8810448324811944e-06,2.3783112740316525e-06,pts,own_b2b
7.196342483473117e-06,4.926228815316236e-05,pts,own_b2b
2.7944663359980026e-06,1.298835252905306e-06,pts,own_b2b
1.6087284311350203e-06,0.00017589878446899743,pts,own_b2b
7.250820484139275e-06,0.00021211851448266206,pts,own_b2b
5.93291655306416e-05,7.099102398755441e-05,pts,own_b2b
7.16381680463396e-05,0.00014955072569622363,pts,own_b2b
5.199370015973592e-06,0.00014241250606372713,pts,own_b2b
0.000458427582621046,7.489289048101533e-05,pts,own_b2b
7.92606489298242e-05,1.446106421409965e-05,pts,own_b2b
3.535185642888905e-06,1.0428988566846265e-05,pts,own_b2b
8.354315422787195e-07,1.5081617670831271e-05,pts,own_b2b
2.15945406251139e-05,1.1604328254311014e-05,pts,own_b2b
2.5944042755132735e-05,9.233369483441223e-07,pts,own_b2b
4.905357768703045e-05,3.683593480574565e-06,pts,own_b2b
1.0315065603783147e-05,3.1689223192188365e-05,pts,own_b2b
2.6984067280633184e-07,1.9879709248660227e-05,pts,own_b2b
4.185910991394426e-05,2.0744117175675036e-05,pts,own_b2b
1.0726043752851133e-05,0.00018126023047049244,pts,own_b2b
1.0907162941720117e-06,5.122569363058549e-05,pts,own_b2b
0.00021725548214868162,2.7856261600733845e-06,pts,own_b2b
0.00036727884787857157,3.482487602368689e-05,pts,own_b2b
5.400745744654767e-05,2.5188487371430313e-05,pts,own_b2b
8.477741302215236e-05,5.690773290922824e-05,pts,own_b2b
3.4968330033802175e-06,3.588895139849946e-06,pts,own_b2b
4.3538331223613724e-06,8.349177754385373e-06,pts,own_b2b
7.339847370235741e-05,1.1276744982247067e-08,pts,own_b2b
0.0002170123360293319,0.0002654827200277987,pts,own_b2b
0.00010633568947215899,0.0006570087048364259,pts,own_b2b
2.366708813028584e-05,0.0001534311170285907,pts,own_b2b
3.2897771529150077e-07,8.038362433016033e-06,pts,own_b2b
1.604773424146444e-07,0.00021419457467886094,pts,own_b2b
0.0001096367208557325,0.0001399990911807869,pts,own_b2b
8.946852932234517e-05,5.248352483389063e-06,pts,own_b2b
3.432574381745379e-05,1.1088526363334239e-05,pts,own_b2b
3.665399443308903e-05,9.147981616941525e-05,pts,own_b2b
1.8262528741708195e-05,2.0179860116709136e-05,pts,own_b2b
7.116796704587092e-05,1.5901681698293757e-05,pts,own_b2b
4.753459755146849e-06,1.5878551401504737e-06,pts,own_b2b
5.105598033239289e-08,9.434682890385737e-06,pts,own_b2b
1.5434377109713182e-09,1.8923501618584027e-05,pts,own_b2b
3.839870878707963e-06,1.741205023486625e-05,pts,own_b2b
4.822196339404616e-05,1.3836817889467667e-05,pts,own_b2b
5.189592981147406e-05,3.581754127734982e-07,pts,own_b2b
2.7367113100140728e-06,4.572666387492319e-05,pts,own_b2b
3.920896365028348e-05,1.2315520915517908e-05,pts,own_b2b
5.308634945655477e-05,1.6950290752104635e-06,pts,own_b2b
4.511825546504866e-08,6.109137961507471e-05,pts,own_b2b
4.580407313248269e-05,9.36276574814432e-05,pts,own_b2b
0.000216297999971915,0.00020032942242131924,pts,own_b2b
0.0002232457199516924,3.2453995267855973e-06,pts,own_b2b
0.0002041949711094615,9.601828792471512e-05,pts,own_b2b
1.4067517346116887e-05,3.1876079267356694e-05,pts,own_b2b
4.257189289025298e-05,3.3266829157718725e-05,pts,own_b2b
2.1677461485514193e-05,4.267283243986064e-06,pts,own_b2b
6.308228245333058e-05,6.876793404164694e-05,pts,own_b2b
0.00030767850934310115,0.00019005601408994544,pts,own_b2b
6.053546131035148e-08,3.012941493174548e-05,pts,own_b2b
1.1650000515617265e-05,0.0005575092279801463,pts,own_b2b
0.00011082419979768776,1.6215409931463753e-06,pts,own_b2b
1.850807173253699e-05,5.829481573160766e-05,pts,own_b2b
0.000101876924899158,5.085060820475551e-05,pts,own_b2b
0.00021094861301518275,0.00012271301710597982,pts,own_b2b
2.7952376698836545e-05,1.2212985271653487e-05,pts,own_b2b
4.317441114809473e-05,5.375684530628533e-06,pts,own_b2b
